code,date,e_price,p2,p3,p4,rand,code2
N4F15,2014-12-05,47.2,47.2,47.2,47.2,10,385
N4F15,2014-12-08,46.56,46.56,46.51,46.56,20,525
N4F15,2014-12-09,46.64,46.64,46.64,46.64,0,485
N4F15,2014-12-10,46.53,46.53,46.53,46.53,0,485
N4F15,2014-12-11,46.05,46.05,45.98,45.98,10,475
N4F15,2014-12-12,46.19,46.19,46.19,46.19,0,475
N4F15,2014-12-15,45.8,45.8,45.63,45.63,10,495
N4F15,2014-12-16,45.66,45.66,45.66,45.66,0,495
N4G15,2014-12-17,46.38,46.38,46.38,46.38,10,505
N4G15,2014-12-18,46.49,46.49,46.49,46.49,0,505
N4G15,2014-12-19,46.17,46.17,46.17,46.17,0,535
N4G15,2014-12-22,45.79,45.79,45.79,45.79,0,535
N4G15,2014-12-23,45.99,45.99,45.99,45.99,0,520
N4G15,2014-12-24,46.91,46.91,46.91,46.91,0,520
N4G15,2014-12-26,46.91,46.91,46.91,46.91,0,520
N4G15,2014-12-29,44.9,45.06,44.9,44.9,0,520
N4G15,2014-12-30,43.87,43.87,43.87,43.87,0,520
N4G15,2014-12-31,43.69,43.69,43.69,43.69,0,520
N4G15,2015-01-02,42.11,42.11,42.11,42.11,0,520
N4G15,2015-01-05,41.63,41.63,41.63,41.63,0,520
N4G15,2015-01-06,41.6,41.6,40.36,40.36,20,540
N4G15,2015-01-07,40.5,40.5,40.27,40.27,15,610
N4G15,2015-01-08,40.24,40.24,40.24,40.24,0,565
N4G15,2015-01-09,40.75,40.75,40.16,40.16,5,1045
N4G15,2015-01-12,40.47,40.47,40.47,40.47,0,1045
N4G15,2015-01-13,41.49,41.49,41.49,41.49,0,1075
N4G15,2015-01-14,41.58,41.58,41.58,41.58,0,1135
N4G15,2015-01-15,41,41,40.9,40.9,30,1195
N4G15,2015-01-16,39.95,39.95,39.85,39.85,10,1205
N4G15,2015-01-19,38.75,38.75,38.75,38.75,0,1205
N4G15,2015-01-20,38.55,38.55,38.5,38.5,10,1205
N4G15,2015-01-21,39.19,39.19,39.19,39.19,0,1205
N4G15,2015-01-22,38.98,38.98,38.98,38.98,0,1290
N4G15,2015-01-26,38.9,39.05,38.9,38.93,50,1455
N4G15,2015-01-27,39.39,39.39,39.39,39.39,0,1455
N4G15,2015-01-28,40.09,40.09,40.09,40.09,0,1485
N4H15,2015-01-29,40.15,40.15,40.15,40.15,0,1320
N4H15,2015-01-30,39.31,39.31,39.31,39.31,0,1320
N4H15,2015-02-02,39.43,39.43,39.43,39.43,0,1320
N4H15,2015-02-03,39.24,39.24,39.24,39.24,0,1320
N4H15,2015-02-04,39.31,39.42,39.31,39.39,30,1330
N4H15,2015-02-05,39.25,40.83,39.25,40.83,15,1375
N4H15,2015-02-06,40.23,40.23,40.23,40.23,0,1375
N4H15,2015-02-09,40.1,40.1,40.1,40.1,120,1485
N4H15,2015-02-10,42.19,42.19,41.9,41.9,120,1570
N4H15,2015-02-11,42.87,42.87,42.87,42.87,20,1600
N4H15,2015-02-12,45.02,45.02,45.02,45.02,0,1635
N4H15,2015-02-13,44.2,44.2,44.2,44.2,0,1635
N4H15,2015-02-16,42.3,42.39,42.3,42.39,30,1665
N4H15,2015-02-17,42.2,42.2,41.96,42.09,80,1655
N4H15,2015-02-18,42.45,42.6,41.64,41.64,110,1630
N4H15,2015-02-19,41.2,41.2,40.49,40.49,50,1640
N4H15,2015-02-20,40.7,41.05,40.7,41.05,90,1640
N4H15,2015-02-23,40.33,40.33,40.33,40.33,0,1655
N4H15,2015-02-24,40.01,41.45,40.01,41.09,85,1640
N4H15,2015-02-25,42.43,42.54,42.43,42.54,25,1710
N4J15,2015-02-26,45.1,45.1,45.1,45.1,0,1775
N4J15,2015-02-27,45.11,45.11,44.85,44.85,10,1800
N4J15,2015-03-02,43.92,43.92,43.92,43.92,0,1890
N4J15,2015-03-03,43.39,43.39,43.39,43.39,0,1890
N4J15,2015-03-04,43.65,43.65,43.65,43.65,15,2115
N4J15,2015-03-05,44,44.05,43,43.12,25,2085
N4J15,2015-03-06,41.99,42.22,41.99,42.22,15,2255
N4J15,2015-03-09,42.84,42.99,42.84,42.92,20,2305
N4J15,2015-03-10,42.65,42.65,42.57,42.57,15,2350
N4J15,2015-03-11,43.1,43.1,43.1,43.1,0,2370
N4J15,2015-03-12,43.1,43.1,42.78,42.78,5,2375
N4J15,2015-03-13,42.58,42.58,42.58,42.58,0,2425
N4J15,2015-03-16,42.43,42.43,42.43,42.43,0,2425
N4J15,2015-03-17,42.5,42.5,42.45,42.45,10,2425
N4J15,2015-03-18,42.7,42.89,42.7,42.89,5,2420
N4J15,2015-03-19,42.57,42.57,42.57,42.57,0,2420
N4J15,2015-03-20,42.5,42.5,42.5,42.5,0,2450
N4J15,2015-03-23,42.6,42.6,42.6,42.6,0,2540
N4J15,2015-03-24,43.17,43.17,43.17,43.17,0,2720
N4J15,2015-03-25,43.2,43.2,43.2,43.2,15,2720
N4J15,2015-03-26,44.41,44.41,44.41,44.41,0,2660
N4K15,2015-03-27,43.76,43.76,43.76,43.76,80,2660
N4K15,2015-03-30,43.95,43.95,43.95,43.95,0,2550
N4K15,2015-03-31,43.71,43.71,43.71,43.71,0,2610
N4K15,2015-04-01,44.12,44.12,44.12,44.12,0,2610
N4K15,2015-04-02,44.2,44.32,44.2,44.32,10,2620
N4K15,2015-04-06,44.32,44.32,44.32,44.32,0,2620
N4K15,2015-04-07,43.59,43.59,43.59,43.59,0,2620
N4K15,2015-04-08,43.25,43.25,43.25,43.25,0,2620
N4K15,2015-04-09,43.66,43.66,43.66,43.66,10,2625
N4K15,2015-04-10,43.31,43.31,43.31,43.31,0,2625
N4K15,2015-04-13,43.18,43.18,43.18,43.18,0,2625
N4K15,2015-04-14,42.72,42.72,42.72,42.72,0,2625
N4K15,2015-04-15,42.91,42.91,42.91,42.91,0,2625
N4K15,2015-04-16,42.66,42.66,42.66,42.66,0,2625
N4K15,2015-04-17,42.37,42.37,42.37,42.37,0,2625
N4K15,2015-04-20,42.1,42.1,42.1,42.1,0,2655
N4K15,2015-04-21,42.42,42.42,42.42,42.42,0,2715
N4K15,2015-04-22,42.08,42.08,42.08,42.08,0,2715
N4K15,2015-04-23,41.91,41.91,41.91,41.91,0,2745
N4K15,2015-04-24,42.08,42.08,42.08,42.08,5,2780
N4M15,2015-04-27,41.31,41.31,41.31,41.31,10,2770
N4M15,2015-04-28,41.41,41.41,41.41,41.41,0,2770
N4M15,2015-04-29,41.49,41.49,41.49,41.49,0,2740
N4M15,2015-04-30,41.4,41.4,41.4,41.4,0,2740
N4M15,2015-05-01,41.2,41.2,41.2,41.2,0,2695
N4M15,2015-05-04,41.2,41.2,41.2,41.2,0,2695
N4M15,2015-05-05,41.11,41.11,41.11,41.11,0,2710
N4M15,2015-05-06,41.33,41.33,41.33,41.33,10,2725
N4M15,2015-05-07,41.3,41.3,41.12,41.12,45,2760
N4M15,2015-05-08,40.97,40.97,40.97,40.97,5,2765
N4M15,2015-05-11,41.15,41.37,41.15,41.37,5,2730
N4M15,2015-05-12,41.5,41.5,41.41,41.41,5,2745
N4M15,2015-05-13,41.6,41.6,41.47,41.47,15,2730
N4M15,2015-05-14,41.06,41.06,41.06,41.06,0,2730
N4M15,2015-05-15,41.3,41.3,41.3,41.3,0,2730
N4M15,2015-05-18,41.04,41.04,41.04,41.04,0,2730
N4M15,2015-05-19,40.9,40.96,40.9,40.96,5,2755
N4M15,2015-05-20,40.92,40.92,40.92,40.92,0,2815
N4N15,2015-05-21,40.79,40.79,40.79,40.79,25,2890
N4N15,2015-05-22,40.73,40.73,40.73,40.73,0,2890
N4N15,2015-05-25,40.73,40.73,40.73,40.73,0,2890
N4N15,2015-05-26,40.6,40.6,40.6,40.6,0,2890
N4N15,2015-05-27,40.5,40.5,40.5,40.5,0,2895
N4N15,2015-05-28,40.83,40.83,40.83,40.83,0,2840
N4N15,2015-05-29,40.97,40.97,40.97,40.97,0,2840
N4N15,2015-06-01,40.5,40.5,40.5,40.5,0,2850
N4N15,2015-06-02,40.7,40.82,40.7,40.82,25,2825
N4N15,2015-06-03,41.14,41.14,41.14,41.14,5,2825
N4N15,2015-06-04,41.2,41.2,41.2,41.2,0,2855
N4N15,2015-06-05,41.3,41.33,41.3,41.33,5,2855
N4N15,2015-06-08,41.88,41.88,41.88,41.88,10,2895
N4N15,2015-06-09,42,42,42,42,0,2985
N4N15,2015-06-10,41.76,41.76,41.76,41.76,0,2980
N4N15,2015-06-11,41.19,41.19,41.19,41.19,10,3005
N4N15,2015-06-12,41.14,41.14,41.14,41.14,0,2945
N4N15,2015-06-15,41.2,41.2,41.06,41.06,10,2950
N4N15,2015-06-16,41.23,41.23,41.23,41.23,0,2950
N4N15,2015-06-17,40.93,40.93,40.93,40.93,5,2980
N4N15,2015-06-18,41.08,41.08,41.08,41.08,0,2980
N4N15,2015-06-19,41.27,41.27,41.27,41.27,0,3010
N4N15,2015-06-22,41.85,41.92,41.85,41.87,25,3000
N4Q15,2015-06-23,41.1,41.1,41.1,41.1,15,3030
N4Q15,2015-06-24,41.03,41.03,41.03,41.03,0,3030
N4Q15,2015-06-25,40.75,40.77,40.7,40.77,10,3025
N4Q15,2015-06-26,40.74,40.74,40.74,40.74,0,3025
N4Q15,2015-06-29,40.49,40.49,40.49,40.49,0,2960
N4Q15,2015-06-30,40.68,40.68,40.68,40.68,0,2960
N4Q15,2015-07-01,40.9,40.94,40.84,40.94,25,2965
N4Q15,2015-07-02,41.21,41.21,41.21,41.21,0,2965
N4Q15,2015-07-03,41.24,41.24,41.24,41.24,0,2965
N4Q15,2015-07-06,41.05,41.06,41.05,41.06,10,3125
N4Q15,2015-07-07,40.98,40.98,40.98,40.98,0,3185
N4Q15,2015-07-08,41.31,41.31,41.31,41.31,0,3245
N4Q15,2015-07-09,41.6,41.6,41.6,41.6,0,3200
N4Q15,2015-07-10,41.82,41.82,41.82,41.82,0,3200
N4Q15,2015-07-13,41.89,41.89,41.89,41.89,0,3200
N4Q15,2015-07-14,41.53,41.53,41.53,41.53,15,3215
N4Q15,2015-07-15,41.53,41.53,41.53,41.53,0,3275
N4Q15,2015-07-16,41.63,41.63,41.63,41.63,15,3440
N4Q15,2015-07-17,41.34,41.34,41.34,41.34,0,3440
N4Q15,2015-07-20,41.41,41.41,41.41,41.41,15,3485
N4Q15,2015-07-21,41.4,41.5,41.4,41.49,40,3480
N4Q15,2015-07-22,41.3,41.3,41.03,41.03,30,3480
N4Q15,2015-07-23,41.07,41.07,41.07,41.07,0,3540
N4Q15,2015-07-24,40.95,40.95,40.89,40.89,5,3590
N4Q15,2015-07-27,41.2,41.2,41.2,41.2,5,3595
N4Q15,2015-07-28,41.46,41.46,41.46,41.46,0,3655
N4Q15,2015-07-29,41.35,41.35,41.33,41.33,10,3665
N4U15,2015-07-30,41.3,41.3,41.3,41.3,0,3605
N4U15,2015-07-31,41.09,41.09,41.09,41.09,0,3665
N4U15,2015-08-03,40.61,40.61,40.61,40.61,0,3695
N4U15,2015-08-04,40.51,40.51,40.51,40.51,0,3860
N4U15,2015-08-05,40.4,40.4,40.39,40.39,5,3980
N4U15,2015-08-06,40.75,40.75,40.75,40.75,0,4010
N4U15,2015-08-07,40.63,40.63,40.63,40.63,0,4010
N4U15,2015-08-10,40.6,40.6,40.6,40.6,0,4010
N4U15,2015-08-11,40.66,40.66,40.66,40.66,0,3980
N4U15,2015-08-12,40.57,40.57,40.57,40.57,0,4010
N4U15,2015-08-13,40.48,40.48,40.48,40.48,0,4010
N4U15,2015-08-14,40.5,40.5,40.5,40.5,0,4040
N4U15,2015-08-17,40.3,40.3,40.3,40.3,0,4070
N4U15,2015-08-18,40.1,40.1,40.1,40.1,0,4220
N4U15,2015-08-19,39.96,39.96,39.96,39.96,0,4220
N4U15,2015-08-20,39.83,39.83,39.83,39.83,0,4220
N4U15,2015-08-21,40,40,39.97,39.97,10,4220
N4U15,2015-08-24,39.82,39.82,39.82,39.82,0,4220
N4U15,2015-08-25,39.93,39.93,39.93,39.93,0,4280
N4U15,2015-08-26,40.22,40.22,40.22,40.22,0,4310
N4V15,2015-08-27,41.2,41.2,41.2,41.2,0,4185
N4V15,2015-08-28,41.41,41.41,41.41,41.41,0,4245
N4V15,2015-08-31,41.41,41.41,41.41,41.41,0,4245
N4V15,2015-09-01,41.82,41.82,41.82,41.82,0,4245
N4V15,2015-09-02,41.88,41.88,41.88,41.88,10,4255
N4V15,2015-09-03,41.95,41.95,41.95,41.95,0,4285
N4V15,2015-09-04,41.85,41.85,41.85,41.85,0,4405
N4V15,2015-09-07,41.76,41.76,41.76,41.76,0,4465
N4V15,2015-09-08,41.62,41.62,41.62,41.62,0,4495
N4V15,2015-09-09,41.54,41.54,41.54,41.54,10,4505
N4V15,2015-09-10,41.44,41.44,41.44,41.44,0,4505
N4V15,2015-09-11,41.41,41.41,41.41,41.41,0,4505
N4V15,2015-09-14,41.5,41.5,41.5,41.5,0,4505
N4V15,2015-09-15,41.5,41.5,41.42,41.42,5,4585
N4V15,2015-09-16,41.63,41.63,41.63,41.63,15,4765
N4V15,2015-09-17,41.52,41.52,41.52,41.52,0,4765
N4V15,2015-09-18,41.3,41.3,41.3,41.3,0,4765
N4V15,2015-09-21,40.82,40.82,40.82,40.82,0,4780
N4V15,2015-09-22,41.02,41.1,41.02,41.03,30,4825
N4V15,2015-09-23,41.18,41.18,41.18,41.18,0,4825
N4V15,2015-09-24,41.1,41.11,41.1,41.11,10,4855
N4V15,2015-09-25,41.35,41.35,41.35,41.35,0,4855
N4V15,2015-09-28,40.85,40.89,40.85,40.89,10,4845
N4X15,2015-09-29,42.69,42.69,42.69,42.69,0,4620
N4X15,2015-09-30,42.45,42.45,42.45,42.45,0,4620
N4X15,2015-10-01,42.06,42.06,42.06,42.06,0,4710
N4X15,2015-10-02,41.7,41.7,41.7,41.7,0,4710
N4X15,2015-10-05,42,42,42,42,0,4710
N4X15,2015-10-06,42.43,42.43,42.43,42.43,0,4590
N4X15,2015-10-07,42.15,42.15,42.15,42.15,0,4650
N4X15,2015-10-08,42.34,42.34,42.34,42.34,0,4650
N4X15,2015-10-09,42.45,42.45,42.45,42.45,0,4650
N4X15,2015-10-12,42.1,42.15,42,42,20,4630
N4X15,2015-10-13,41.85,41.85,41.8,41.8,10,4700
N4X15,2015-10-14,41.38,41.38,41.38,41.38,0,4760
N4X15,2015-10-15,41.27,41.27,41.27,41.27,0,4790
N4X15,2015-10-16,41.12,41.12,41.12,41.12,0,4790
N4X15,2015-10-19,41.39,41.39,41.39,41.39,0,4790
N4X15,2015-10-20,40.99,40.99,40.99,40.99,0,4850
N4X15,2015-10-21,40.65,40.65,40.65,40.65,0,4850
N4X15,2015-10-22,40.4,40.4,40.4,40.4,10,4790
N4X15,2015-10-26,40.1,40.1,40.1,40.1,0,5010
N4X15,2015-10-27,40.28,40.28,40.28,40.28,0,5040
N4Z15,2015-10-28,40.38,40.38,40.38,40.38,10,5040
N4Z15,2015-10-29,40.26,40.26,40.26,40.26,0,4820
N4Z15,2015-10-30,39.81,39.81,39.81,39.81,0,4820
N4Z15,2015-11-02,39.54,39.54,39.54,39.54,0,4820
N4Z15,2015-11-03,39.62,39.62,39.62,39.62,0,4850
N4Z15,2015-11-04,39.89,39.89,39.89,39.89,0,4850
N4Z15,2015-11-05,39.78,39.78,39.78,39.78,0,4865
N4Z15,2015-11-06,40.02,40.02,40.02,40.02,0,4865
N4Z15,2015-11-09,39.5,39.5,39.17,39.17,5,4870
N4Z15,2015-11-10,38.49,38.49,38.49,38.49,0,4870
N4Z15,2015-11-11,38.29,38.29,38.29,38.29,0,4810
N4Z15,2015-11-12,37.94,37.94,37.94,37.94,0,4840
N4Z15,2015-11-13,38.23,38.23,38.23,38.23,0,4960
N4Z15,2015-11-16,38.61,38.61,38.61,38.61,0,5020
N4Z15,2015-11-17,39.24,39.24,39.24,39.24,0,5020
N4Z15,2015-11-18,38.75,38.75,38.44,38.44,10,5010
N4Z15,2015-11-19,38.73,38.73,38.73,38.73,0,5070
N4Z15,2015-11-20,38.41,38.41,38.41,38.41,0,5070
N4Z15,2015-11-23,38.32,38.32,38.32,38.32,0,4980
N4Z15,2015-11-24,38.47,38.47,38.47,38.47,0,4980
N4F16,2015-11-25,39.98,39.98,39.98,39.98,20,4965
N4F16,2015-11-26,39.95,39.95,39.95,39.95,0,4995
N4F16,2015-11-27,39.86,39.86,39.86,39.86,0,4785
N4F16,2015-11-30,39.89,40.14,39.85,40.14,30,4845
N4F16,2015-12-01,41.14,41.14,40.42,40.42,10,4885
N4F16,2015-12-02,40,40,39.9,39.9,5,4945
N4F16,2015-12-03,39.55,39.55,39.55,39.55,0,5005
N4F16,2015-12-04,39.6,39.6,39.6,39.6,0,4945
N4F16,2015-12-07,38.83,38.83,38.83,38.83,0,5005
N4F16,2015-12-08,38.57,38.57,38.57,38.57,0,5005
N4F16,2015-12-09,38.35,38.35,38.35,38.35,0,5035
N4F16,2015-12-10,38.06,38.06,38.06,38.06,0,5035
N4F16,2015-12-11,37.67,37.67,37.67,37.67,0,5035
N4F16,2015-12-14,37.15,37.15,37.15,37.15,0,5035
N4F16,2015-12-15,37.15,37.15,37.15,37.15,0,5425
N4F16,2015-12-16,36.57,36.57,36.57,36.57,0,5470
N4F16,2015-12-17,36.25,36.3,36.25,36.25,20,5470
N4F16,2015-12-18,35.92,35.92,35.92,35.92,0,5470
N4F16,2015-12-21,35.61,35.61,35.61,35.61,10,5480
N4F16,2015-12-22,35.75,35.75,35.68,35.68,5,5545
N4G16,2015-12-23,36.2,36.2,36,36,25,5550
N4G16,2015-12-24,35.78,35.78,35.78,35.78,0,5550
N4G16,2015-12-28,35.78,35.78,35.78,35.78,0,5550
N4G16,2015-12-29,37.24,37.24,37.24,37.24,0,5550
N4G16,2015-12-30,36.91,36.91,36.91,36.91,0,5355
N4G16,2015-12-31,36.6,36.6,36.6,36.6,10,5315
N4G16,2016-01-04,36.35,36.35,36.32,36.32,5,5435
N4G16,2016-01-05,36.59,36.59,36.59,36.59,0,5435
N4G16,2016-01-06,37.4,37.4,37.3,37.3,20,5435
N4G16,2016-01-07,37.73,38.25,37.73,38.25,10,5425
N4G16,2016-01-08,37.2,37.2,37.19,37.19,5,5460
N4G16,2016-01-11,37.24,37.24,37.24,37.24,0,5580
N4G16,2016-01-12,36.49,36.49,36.49,36.49,0,5490
N4G16,2016-01-13,36.44,36.44,36.44,36.44,0,5550
N4G16,2016-01-14,35.76,35.76,35.76,35.76,0,5550
N4G16,2016-01-15,35.4,35.46,35.4,35.46,80,5690
N4G16,2016-01-18,35.43,35.56,35.43,35.56,10,5600
N4G16,2016-01-19,35.6,35.6,35.6,35.6,0,5600
N4G16,2016-01-20,35.05,35.05,34.58,34.58,10,5595
N4G16,2016-01-21,33.85,33.85,33.85,33.85,0,5610
N4G16,2016-01-22,34.72,34.72,34.72,34.72,0,5730
N4G16,2016-01-25,33.8,33.8,33.6,33.6,10,5710
N4G16,2016-01-26,32.85,33.44,32.85,33.44,10,5770
N4G16,2016-01-27,34.03,34.03,34.03,34.03,0,5770
N4H16,2016-01-28,34.07,34.07,34.07,34.07,0,5740
N4H16,2016-01-29,33.75,33.75,33.75,33.75,0,5740
N4H16,2016-02-01,32.82,32.82,32.82,32.82,0,5740
N4H16,2016-02-02,32.7,32.7,32.7,32.7,0,5770
N4H16,2016-02-03,32.8,32.8,32.61,32.61,10,5770
N4H16,2016-02-04,32.26,32.26,32.26,32.26,0,5890
N4H16,2016-02-05,32.15,32.15,32.15,32.15,0,5860
N4H16,2016-02-08,31.94,31.94,31.94,31.94,0,5770
N4H16,2016-02-09,32,32,31.96,31.96,5,5865
N4H16,2016-02-10,31.69,31.69,31.53,31.53,10,5975
N4H16,2016-02-11,31.49,31.49,31.49,31.49,0,6065
N4H16,2016-02-12,31.73,31.73,31.73,31.73,0,6095
N4H16,2016-02-15,31.28,31.28,31.28,31.28,0,6095
N4H16,2016-02-16,31.2,31.2,31.2,31.2,0,6125
N4H16,2016-02-17,31.27,31.27,31.27,31.27,0,6065
N4H16,2016-02-18,31.6,31.71,31.6,31.68,15,6160
N4H16,2016-02-19,31.82,31.82,31.82,31.82,0,6070
N4H16,2016-02-22,32.8,32.8,32.8,32.8,0,6070
N4H16,2016-02-23,32.75,32.75,32.75,32.75,0,6070
N4H16,2016-02-24,32.53,32.53,32.53,32.53,0,6040
N4J16,2016-02-25,33.3,33.3,33.3,33.3,10,6130
N4J16,2016-02-26,33.46,33.46,33.46,33.46,0,5955
N4J16,2016-02-29,33.48,33.48,33.46,33.48,0,5955
N4J16,2016-03-01,33.36,33.36,33.36,33.36,0,5955
N4J16,2016-03-02,33.5,33.5,33.45,33.45,5,5960
N4J16,2016-03-03,33.25,33.25,33.17,33.17,5,5965
N4J16,2016-03-04,32.98,32.98,32.98,32.98,0,5965
N4J16,2016-03-07,32.84,32.84,32.84,32.84,10,5960
N4J16,2016-03-08,33.2,33.34,33.2,33.34,25,5940
N4J16,2016-03-09,33.56,33.56,33.56,33.56,0,5935
N4J16,2016-03-10,33.51,33.51,33.51,33.51,0,5935
N4J16,2016-03-11,33.76,33.76,33.76,33.76,0,5965
N4J16,2016-03-14,33.75,33.83,33.75,33.83,5,5995
N4J16,2016-03-15,34.02,34.02,34.02,34.02,0,5995
N4J16,2016-03-16,34.07,34.07,34.07,34.07,0,6015
N4J16,2016-03-17,34.41,34.41,34.41,34.41,0,6015
N4J16,2016-03-18,34.43,34.43,34.43,34.43,0,6015
N4J16,2016-03-21,34.51,34.51,34.51,34.51,0,6015
N4J16,2016-03-22,34.53,34.53,34.53,34.53,0,6015
N4J16,2016-03-23,35.11,35.11,35.11,35.11,0,6015
N4J16,2016-03-24,35.43,35.43,35.43,35.43,0,6015
N4J16,2016-03-28,35.43,35.43,35.43,35.43,0,6015
N4J16,2016-03-29,35.52,35.52,35.52,35.52,0,6065
N4K16,2016-03-30,32.51,32.51,32.51,32.51,0,5850
N4K16,2016-03-31,32.32,32.32,32.32,32.32,10,5845
N4K16,2016-04-01,32.16,32.16,32.16,32.16,0,5845
N4K16,2016-04-04,31.54,31.62,31.54,31.62,5,5845
N4K16,2016-04-05,31.2,31.2,31.2,31.2,0,5845
N4K16,2016-04-06,31.41,31.41,31.41,31.41,5,5850
N4K16,2016-04-07,30.98,30.98,30.98,30.98,0,5850
N4K16,2016-04-08,31.11,31.11,31.11,31.11,0,5850
N4K16,2016-04-11,30.85,30.86,30.85,30.86,5,5730
N4K16,2016-04-12,31.03,31.03,31.03,31.03,0,5730
N4K16,2016-04-13,31.03,31.03,31.03,31.03,10,5760
N4K16,2016-04-14,30.96,30.96,30.96,30.96,0,5940
N4K16,2016-04-15,31.03,31.03,31.03,31.03,0,5940
N4K16,2016-04-18,31.35,31.35,31.35,31.35,10,5940
N4K16,2016-04-19,31.69,31.69,31.69,31.69,0,5895
N4K16,2016-04-20,31.8,31.8,31.8,31.8,0,5835
N4K16,2016-04-21,32.81,32.81,32.81,32.81,0,5805
N4K16,2016-04-22,33.49,33.49,33.49,33.49,0,5805
N4K16,2016-04-25,33.42,33.42,33.42,33.42,0,5865
N4K16,2016-04-26,34.9,34.9,34.85,34.85,20,5770
N4M16,2016-04-27,34.05,34.05,34.05,34.05,15,5715
N4M16,2016-04-28,31.7,31.7,31.7,31.7,0,5680
N4M16,2016-04-29,31.68,31.68,31.68,31.68,0,5740
N4M16,2016-05-02,31.68,31.68,31.68,31.68,0,5740
N4M16,2016-05-03,30.9,30.9,30.87,30.87,15,5760
N4M16,2016-05-04,31.4,31.4,31.4,31.4,0,5775
N4M16,2016-05-05,32.09,32.09,32.09,32.09,0,5745
N4M16,2016-05-06,32.02,32.02,32.02,32.02,0,5865
N4M16,2016-05-09,32.74,32.74,32.74,32.74,0,5775
N4M16,2016-05-10,32.36,32.36,32.36,32.36,10,5765
N4M16,2016-05-11,32.67,32.67,32.67,32.67,0,5765
N4M16,2016-05-12,32.45,32.45,32.45,32.45,0,5765
N4M16,2016-05-13,32.6,32.6,32.6,32.6,0,5855
N4M16,2016-05-16,33.13,33.13,33.13,33.13,0,5855
N4M16,2016-05-17,32.93,32.93,32.93,32.93,0,5705
N4M16,2016-05-18,32.49,32.49,32.49,32.49,0,5765
N4M16,2016-05-19,32.1,32.1,32.1,32.1,0,5780
N4M16,2016-05-20,32.48,32.48,32.48,32.48,0,5855
N4N16,2016-05-23,32.62,32.62,32.62,32.62,5,5885
N4N16,2016-05-24,32.41,32.41,32.41,32.41,0,5945
N4N16,2016-05-25,32.86,32.86,32.86,32.86,0,5960
N4N16,2016-05-26,33.33,33.33,33.33,33.33,0,5960
N4N16,2016-05-27,33.8,33.8,33.8,33.8,0,5795
N4N16,2016-05-30,33.8,33.8,33.8,33.8,0,5795
N4N16,2016-05-31,34.64,34.64,34.64,34.64,10,5785
N4N16,2016-06-01,34.74,34.74,34.74,34.74,0,5815
N4N16,2016-06-02,35.26,35.26,35.26,35.26,0,5815
N4N16,2016-06-03,35.04,35.04,35.04,35.04,0,5755
N4N16,2016-06-06,35.84,35.84,35.84,35.84,5,5820
N4N16,2016-06-07,35.96,35.96,35.96,35.96,0,5820
N4N16,2016-06-08,35.59,35.59,35.59,35.59,0,6000
N4N16,2016-06-09,35.31,35.31,35.31,35.31,0,6000
N4N16,2016-06-10,34.95,34.95,34.95,34.95,0,6000
N4N16,2016-06-13,34.95,34.95,34.95,34.95,0,6000
N4N16,2016-06-14,34.69,35.45,34.69,35.45,15,6015
N4N16,2016-06-15,35.62,35.62,35.62,35.62,0,5985
N4N16,2016-06-16,35.74,35.74,35.74,35.74,0,5985
N4N16,2016-06-17,36.02,36.02,36.02,36.02,0,5985
N4N16,2016-06-20,36.62,36.62,36.62,36.62,5,5985
N4N16,2016-06-21,36.1,36.16,36.1,36.16,10,5985
N4N16,2016-06-22,36.5,36.5,36.5,36.5,10,5885
N4N16,2016-06-23,35.95,35.95,35.95,35.95,0,5795
N4N16,2016-06-24,36.63,36.63,36.63,36.63,10,5795
N4N16,2016-06-27,36.55,36.55,36.55,36.55,0,5785
N4Q16,2016-06-28,36.25,36.25,36.25,36.25,5,5815
N4Q16,2016-06-29,36.57,36.57,36.57,36.57,0,5625
N4Q16,2016-06-30,36.6,36.6,36.6,36.6,0,5625
N4Q16,2016-07-01,36.79,36.79,36.79,36.79,0,5685
N4Q16,2016-07-04,37.68,37.68,37.68,37.68,0,5775
N4Q16,2016-07-05,37.2,37.2,37.2,37.2,0,5895
N4Q16,2016-07-06,37.05,37.05,37.05,37.05,0,5835
N4Q16,2016-07-07,37.47,37.47,37.47,37.47,0,5835
N4Q16,2016-07-08,37.08,37.08,37.08,37.08,0,5835
N4Q16,2016-07-11,36.83,36.83,36.83,36.83,0,5835
N4Q16,2016-07-12,36.84,36.84,36.84,36.84,0,5835
N4Q16,2016-07-13,36.84,36.84,36.84,36.84,0,5865
N4Q16,2016-07-14,36.64,36.64,36.64,36.64,0,5865
N4Q16,2016-07-15,37.1,37.1,37.1,37.1,0,5745
N4Q16,2016-07-18,36.17,36.17,36.17,36.17,0,5745
N4Q16,2016-07-19,36.85,36.89,36.85,36.89,35,5750
N4Q16,2016-07-20,37.39,37.39,37.39,37.39,0,5690
N4U16,2016-07-21,39.94,39.94,39.94,39.94,10,5690
N4U16,2016-07-22,40.03,40.03,40.03,40.03,0,5720
N4U16,2016-07-25,40.46,40.46,40.46,40.46,0,5750
N4U16,2016-07-26,40.35,40.35,40.35,40.35,0,5810
N4U16,2016-07-27,40.25,40.27,40.25,40.27,15,5820
N4U16,2016-07-28,40.17,40.17,40.17,40.17,0,5655
N4U16,2016-07-29,40.1,40.1,40.1,40.1,0,5655
N4U16,2016-08-01,39.71,39.71,39.71,39.71,0,5655
N4U16,2016-08-02,39.32,39.32,39.32,39.32,0,5835
N4U16,2016-08-03,38.78,38.78,38.78,38.78,0,6735
N4U16,2016-08-04,38.98,38.98,38.98,38.98,0,7455
N4U16,2016-08-05,38.63,38.63,38.63,38.63,0,7545
N4U16,2016-08-08,38.08,38.08,38.08,38.08,0,7545
N4U16,2016-08-09,37.88,37.88,37.88,37.88,0,7545
N4U16,2016-08-10,37.86,37.86,37.86,37.86,0,7545
N4U16,2016-08-11,37.8,37.8,37.8,37.8,0,7545
N4U16,2016-08-12,36.95,36.95,36.95,36.95,20,7675
N4U16,2016-08-15,36.24,36.24,36.24,36.24,0,7555
N4U16,2016-08-16,36.54,36.54,36.54,36.54,0,7585
N4U16,2016-08-17,36.68,36.68,36.68,36.68,0,7645
N4U16,2016-08-18,36.68,36.72,36.68,36.72,5,7735
N4U16,2016-08-19,35.85,35.85,35.71,35.71,10,7795
N4U16,2016-08-22,36.4,36.4,35.71,36.4,0,7885
N4V16,2016-08-23,40.13,40.13,40.13,40.13,0,7915
N4V16,2016-08-24,39.53,39.53,39.53,39.53,0,8005
N4V16,2016-08-25,39.68,39.68,39.68,39.68,0,8005
N4V16,2016-08-26,39.84,39.84,39.84,39.84,0,7810
N4V16,2016-08-29,39.84,39.84,39.84,39.84,0,8005
N4V16,2016-08-30,39.23,39.23,39.23,39.23,0,7810
N4V16,2016-08-31,38.93,38.93,38.93,38.93,0,7810
N4V16,2016-09-01,38.62,38.94,38.62,38.94,30,7840
N4V16,2016-09-02,39.21,39.21,39.21,39.21,0,7780
N4V16,2016-09-05,38.95,38.95,38.95,38.95,0,7780
N4V16,2016-09-06,38.94,38.94,38.94,38.94,0,7660
N4V16,2016-09-07,38.76,38.76,38.67,38.67,10,7280
N4V16,2016-09-08,38.6,38.63,38.6,38.63,10,7120
N4V16,2016-09-09,39,39,39,39,0,7150
N4V16,2016-09-12,40.45,40.45,40.45,40.45,0,7150
N4V16,2016-09-13,41.9,42.31,41.9,42.31,10,7080
N4V16,2016-09-14,45,47.84,45,47.84,25,7095
N4V16,2016-09-15,48.08,48.08,47.4,47.55,40,7815
N4V16,2016-09-16,46.35,46.35,46.06,46.06,20,7925
N4V16,2016-09-19,45.08,45.08,44,44,10,7935
N4V16,2016-09-20,41.88,41.88,41.88,41.88,0,7905
N4V16,2016-09-21,42.51,42.78,42.51,42.6,50,7940
N4V16,2016-09-22,43.87,44.98,43.87,43.96,100,7780
N4V16,2016-09-23,44.7,47.03,44.7,46.98,70,7760
N4X16,2016-09-26,48.11,48.18,48.11,48.18,30,7830
N4X16,2016-09-27,47.88,47.88,46.73,46.73,10,7855
N4X16,2016-09-28,47.9,49.88,47.9,49.55,60,7695
N4X16,2016-09-29,51.69,52.95,51.69,52.95,30,7315
N4X16,2016-09-30,51.49,52.6,51.49,52.4,165,7215
N4X16,2016-10-03,54.32,54.32,54.06,54.06,10,6965
N4X16,2016-10-04,54.57,54.57,54.57,54.57,0,6965
N4X16,2016-10-05,58.55,58.55,58.18,58.18,30,7005
N4X16,2016-10-06,61.1,61.14,61.1,61.14,25,7065
N4X16,2016-10-07,60.5,60.5,60.5,60.5,0,6945
N4X16,2016-10-10,63.68,63.68,63.68,63.68,0,6945
N4X16,2016-10-11,61.36,61.36,61.3,61.31,30,6985
N4X16,2016-10-12,60.95,60.95,60.95,60.95,10,6995
N4X16,2016-10-13,61.92,61.92,61.83,61.83,20,7235
N4X16,2016-10-14,63.04,63.04,63.04,63.04,0,7295
N4X16,2016-10-17,63.65,63.65,63.65,63.65,0,7175
N4X16,2016-10-18,66.31,66.31,66.31,66.31,0,7385
N4X16,2016-10-19,68.87,68.87,68.87,68.87,0,7745
N4X16,2016-10-20,69.85,69.85,69.46,69.46,10,7895
N4X16,2016-10-21,68.65,68.65,67.3,67.3,10,7965
N4X16,2016-10-24,65.78,65.78,65.78,65.78,0,7965
N4Z16,2016-10-25,71.1,71.1,71.1,71.1,60,7885
N4Z16,2016-10-26,72.5,72.5,72.5,72.5,0,7915
N4Z16,2016-10-27,74.12,74.12,74.12,74.12,0,7815
N4Z16,2016-10-28,73.74,73.74,73.74,73.74,0,7815
N4Z16,2016-10-31,74.85,74.85,74.85,74.85,30,7805
N4Z16,2016-11-01,77.18,77.18,77.18,77.18,0,7745
N4Z16,2016-11-02,78.12,78.12,78.12,78.12,10,7745
N4Z16,2016-11-03,82.44,82.44,82.44,82.44,0,7685
N4Z16,2016-11-04,79.38,79.38,79.38,79.38,0,8405
N4Z16,2016-11-07,77.79,77.79,75.01,75.3,120,8675
N4Z16,2016-11-08,71.13,72.19,71.13,72.19,80,8645
N4Z16,2016-11-09,72.4,72.4,72.4,72.4,30,8635
N4Z16,2016-11-10,72.85,74.17,72.85,74.17,35,8600
N4F17,2016-11-11,81.69,81.69,81.69,81.69,0,9410
N4F17,2016-11-14,81.34,81.36,81,81,60,9370
N4F17,2016-11-15,83.78,83.78,83.68,83.68,25,9465
N4F17,2016-11-16,83.36,83.36,80.71,81.13,40,9545
N4F17,2016-11-17,82.2,82.2,82.02,82.19,30,9635
N4F17,2016-11-18,82.5,82.7,82.4,82.49,25,9565
N4F17,2016-11-21,79.53,79.53,75.61,75.61,50,9575
N4F17,2016-11-22,76.36,76.36,75.25,75.25,50,9255
N4F17,2016-11-23,75.59,75.59,73.33,73.33,20,9545
N4F17,2016-11-24,71.9,71.9,70,70,20,9855
N4F17,2016-11-25,68.93,68.93,67.8,67.8,10,9915
N4F17,2016-11-28,68.53,68.53,67.93,68.13,40,9900
N4F17,2016-11-29,68.3,68.3,67.45,67.45,25,9795
N4F17,2016-11-30,66.82,66.82,66.82,66.82,20,9765
N4F17,2016-12-01,64.55,64.66,62.37,62.37,50,9705
N4F17,2016-12-02,59.74,60.04,59.74,59.76,65,9855
N4F17,2016-12-05,55.7,55.7,51.64,51.64,70,9875
N4F17,2016-12-06,50.47,50.95,49.93,50.95,40,10055
N4F17,2016-12-07,51.27,51.27,51.27,51.27,0,10055
N4F17,2016-12-08,48.77,49.8,48.76,49.72,60,10755
N4F17,2016-12-09,50.49,50.49,49.62,49.71,30,10735
N4F17,2016-12-12,50.42,50.84,50.42,50.75,40,10765
N4F17,2016-12-13,50.98,51.4,50.98,51.4,40,10925
N4F17,2016-12-14,51.22,51.37,51.2,51.2,45,10860
N4F17,2016-12-15,51.15,51.19,51.15,51.19,10,10860
N4F17,2016-12-16,52,52.22,52,52.22,5,10865
N4F17,2016-12-19,51.19,51.19,51.19,51.19,0,10925
N4F17,2016-12-20,52.46,52.46,52.46,52.46,30,10895
N4F17,2016-12-21,52.8,53.14,52.8,53.06,45,10895
N4F17,2016-12-22,54.18,54.18,54.18,54.18,15,10825
N4F17,2016-12-23,54.9,56.23,54.9,56.14,45,10885
N4F17,2016-12-27,56.14,56.14,56.14,56.14,0,10885
N4F17,2016-12-28,57.02,57.25,57.02,57.25,20,10775
N4G17,2016-12-29,58.08,58.08,58.08,58.08,0,10590
N4G17,2016-12-30,59.23,59.23,59.23,59.23,0,10590
N4G17,2017-01-03,56,56,54.13,54.13,60,10740
N4G17,2017-01-04,55.03,55.03,55.03,55.03,0,10740
N4G17,2017-01-05,54.23,54.23,53.51,53.51,20,10640
N4G17,2017-01-06,52.32,52.32,52.26,52.26,10,10770
N4G17,2017-01-09,53.65,53.65,53.65,53.65,0,10770
N4G17,2017-01-10,58.09,58.09,57.5,57.7,80,10710
N4G17,2017-01-11,58.51,58.51,58.51,58.51,0,10740
N4G17,2017-01-12,57.76,57.76,57.5,57.5,30,10830
N4G17,2017-01-13,55.9,56.06,55.9,56.05,30,10720
N4G17,2017-01-16,53.63,53.63,53.63,53.63,0,10840
N4G17,2017-01-17,54.4,54.46,54.03,54.03,20,10821
N4G17,2017-01-18,53.3,53.3,53.3,53.3,0,10851
N4G17,2017-01-19,53.46,53.46,53.46,53.46,0,10791
N4G17,2017-01-20,54.88,54.88,54.88,54.88,0,10761
N4G17,2017-01-23,55.35,55.35,55.14,55.14,10,10821
N4G17,2017-01-24,54.21,54.21,53.9,53.9,40,10756
N4H17,2017-01-25,50.99,50.99,50.99,50.99,40,10720
N4H17,2017-01-26,50.72,50.72,50.6,50.6,10,10720
N4H17,2017-01-27,50.13,50.13,49.81,49.81,10,10785
N4H17,2017-01-30,51.67,51.67,51.56,51.56,10,10455
N4H17,2017-01-31,52.81,52.81,52.77,52.77,20,10415
N4H17,2017-02-01,54.19,54.19,54.19,54.19,0,10265
N4H17,2017-02-02,54.93,54.93,54.93,54.93,0,10205
N4H17,2017-02-03,55.43,55.43,55.43,55.43,0,10205
N4H17,2017-02-06,54.53,54.53,54.53,54.53,0,10265
N4H17,2017-02-07,52.72,52.72,52.72,52.72,0,10205
N4H17,2017-02-08,50.36,50.36,50.36,50.36,0,10205
N4H17,2017-02-09,50.44,50.44,50.44,50.44,0,10205
N4H17,2017-02-10,49.64,49.64,49.64,49.64,0,10205
N4H17,2017-02-13,47.8,47.8,47.8,47.8,0,10205
N4H17,2017-02-14,47.14,47.14,47.14,47.14,0,9905
N4H17,2017-02-15,47.29,47.29,47.29,47.29,0,9905
N4H17,2017-02-16,47.89,47.89,47.89,47.89,0,9905
N4J17,2017-02-17,46.09,46.09,46.09,46.09,0,9905
N4J17,2017-02-20,46.53,46.53,46.49,46.49,35,9890
N4J17,2017-02-21,45.58,45.58,45.58,45.58,0,9950
N4J17,2017-02-22,45.59,45.59,45.59,45.59,0,9950
N4J17,2017-02-23,46.2,46.2,46.19,46.19,45,9965
N4J17,2017-02-24,45.68,45.68,45.68,45.68,0,9965
N4J17,2017-02-27,45.18,45.18,45.18,45.18,0,9805
N4J17,2017-02-28,44.58,44.58,44.58,44.58,0,9865
N4J17,2017-03-01,44.73,44.73,44.73,44.73,0,9805
N4J17,2017-03-02,44.15,44.15,44.13,44.13,5,9775
N4J17,2017-03-03,44.14,44.14,44.14,44.14,0,9745
N4J17,2017-03-06,43.74,43.74,43.74,43.74,0,9685
N4J17,2017-03-07,43.88,43.88,43.88,43.88,0,9745
N4J17,2017-03-08,43.53,43.53,43.53,43.53,0,9685
N4J17,2017-03-09,43.14,43.14,43.14,43.14,0,9805
N4J17,2017-03-10,43.13,43.13,43.13,43.13,0,9805
N4J17,2017-03-13,42.11,42.11,42.11,42.11,0,9805
N4J17,2017-03-14,42.29,42.29,42.29,42.29,0,9805
N4J17,2017-03-15,42.64,42.64,42.64,42.64,0,9805
N4J17,2017-03-16,42.45,42.45,42.44,42.44,10,9745
N4J17,2017-03-17,42.49,42.49,42.49,42.49,0,9745
N4J17,2017-03-20,42.02,42.02,42.02,42.02,0,9745
N4J17,2017-03-21,41.47,42.02,41.47,41.47,0,9745
N4J17,2017-03-22,41.31,41.31,41.31,41.31,0,9745
N4J17,2017-03-23,40.98,40.98,40.98,40.98,0,9835
N4J17,2017-03-24,40.44,40.44,40.44,40.44,35,9820
N4J17,2017-03-27,40.1,40.1,40.1,40.1,0,9790
N4J17,2017-03-28,40.63,40.63,40.63,40.63,10,9780
N4K17,2017-03-29,40.71,40.71,40.71,40.71,25,9740
N4K17,2017-03-30,40.87,41.11,40.87,41.11,10,9615
N4K17,2017-03-31,40.53,40.53,40.53,40.53,10,9625
N4K17,2017-04-03,40.9,40.9,40.9,40.9,0,9625
N4K17,2017-04-04,41.1,41.1,41.1,41.1,0,9625
N4K17,2017-04-05,41.35,41.39,41.35,41.39,10,9635
N4K17,2017-04-06,41.17,41.17,41.1,41.1,10,9645
N4K17,2017-04-07,40.6,40.6,40.6,40.6,0,9645
N4K17,2017-04-10,40.15,40.15,39.97,39.97,10,9665
N4K17,2017-04-11,39.78,39.78,39.78,39.78,0,9665
N4K17,2017-04-12,39.71,39.71,39.71,39.71,10,9655
N4K17,2017-04-13,40,40,39.83,39.83,10,9665
N4K17,2017-04-17,39.83,39.83,39.83,39.83,0,9665
N4K17,2017-04-18,40.28,40.28,40.28,40.28,0,9605
N4K17,2017-04-19,40.23,40.23,40.23,40.23,0,9605
N4K17,2017-04-20,40.05,40.05,40.05,40.05,15,9605
N4M17,2017-04-21,38.76,38.76,38.76,38.76,35,9605
N4M17,2017-04-24,38.7,38.7,38.7,38.7,0,9605
N4M17,2017-04-25,38.08,38.08,38.08,38.08,0,9605
N4M17,2017-04-26,38.28,38.28,38.28,38.28,0,9605
N4M17,2017-04-27,38.2,38.2,38.2,38.2,0,9410
N4M17,2017-04-28,38.76,38.76,38.76,38.76,0,9410
N4M17,2017-05-01,38.76,38.76,38.76,38.76,0,9410
N4M17,2017-05-02,39.7,39.7,39.7,39.7,0,9350
N4M17,2017-05-03,39.7,39.7,39.62,39.62,15,9335
N4M17,2017-05-04,38.88,38.88,38.88,38.88,0,9335
N4M17,2017-05-05,38.7,38.7,38.7,38.7,10,9345
N4M17,2017-05-08,37.75,37.75,37.75,37.75,0,9345
N4M17,2017-05-09,37.5,37.5,37.5,37.5,0,9345
N4M17,2017-05-10,37.59,37.59,37.59,37.59,0,9375
N4M17,2017-05-11,37.28,37.29,37.28,37.29,15,9415
N4M17,2017-05-12,37.46,37.46,37.44,37.44,10,9415
N4M17,2017-05-15,37.73,37.73,37.73,37.73,0,9415
N4M17,2017-05-16,37.96,37.96,37.89,37.89,10,9405
N4M17,2017-05-17,38.65,38.65,38.65,38.65,0,9405
N4M17,2017-05-18,38.8,38.8,38.8,38.8,0,9435
N4M17,2017-05-19,38.44,38.44,38.42,38.42,5,9440
N4M17,2017-05-22,38.45,38.45,38.45,38.45,0,9440
N4M17,2017-05-23,38.4,38.4,38.4,38.4,0,9440
N4N17,2017-05-24,38.98,38.98,38.98,38.98,45,9430
N4N17,2017-05-25,38.9,38.9,38.9,38.9,0,9430
N4N17,2017-05-26,39.06,39.25,39.06,39.25,10,9430
N4N17,2017-05-29,39.25,39.25,39.25,39.25,0,9430
N4N17,2017-05-30,39.97,40.03,39.97,40.03,10,9265
N4N17,2017-05-31,39.74,39.74,39.74,39.74,0,9445
N4N17,2017-06-01,39.53,39.53,39.53,39.53,0,9565
N4N17,2017-06-02,39.6,39.6,39.6,39.6,0,9565
N4N17,2017-06-05,39.65,39.65,39.65,39.65,0,9565
N4N17,2017-06-06,38.7,38.7,38.7,38.7,0,9565
N4N17,2017-06-07,39.35,39.35,39.35,39.35,10,9565
N4N17,2017-06-08,39.94,39.94,39.94,39.94,0,9565
N4N17,2017-06-09,39.34,39.34,39.34,39.34,0,9565
N4N17,2017-06-12,38.79,38.79,38.79,38.79,10,9575
N4N17,2017-06-13,38.24,38.24,38.24,38.24,0,9665
N4N17,2017-06-14,38.33,38.33,38.33,38.33,0,9665
N4N17,2017-06-15,37.89,37.89,37.89,37.89,15,9195
N4N17,2017-06-16,38.31,38.31,38.31,38.31,0,9195
N4N17,2017-06-19,38.75,38.99,38.75,38.99,15,8660
N4N17,2017-06-20,40.14,40.14,40.14,40.14,10,8670
N4N17,2017-06-21,40.66,40.66,40.66,40.66,30,8490
N4N17,2017-06-22,40.3,40.3,40.3,40.3,10,8500
N4Q17,2017-06-23,38.83,38.83,38.83,38.83,5,8500
N4Q17,2017-06-26,38.97,38.97,38.97,38.97,0,8500
N4Q17,2017-06-27,39.59,39.59,39.59,39.59,150,8500
N4Q17,2017-06-28,40.06,40.06,40.06,40.06,0,8500
N4Q17,2017-06-29,39.85,39.85,39.85,39.85,0,8230
N4Q17,2017-06-30,39.71,39.71,39.71,39.71,0,8230
N4Q17,2017-07-03,40.45,40.45,40.45,40.45,0,8230
N4Q17,2017-07-04,40.12,40.12,40.12,40.12,0,8230
N4Q17,2017-07-05,40.01,40.01,40.01,40.01,1355,7660
N4Q17,2017-07-06,39.93,39.93,39.93,39.93,0,7660
N4Q17,2017-07-07,39.76,39.76,39.76,39.76,0,7660
N4Q17,2017-07-10,39.42,39.42,39.42,39.42,0,7660
N4Q17,2017-07-11,38.8,38.8,38.8,38.8,630,7660
N4Q17,2017-07-12,38.28,38.28,38.28,38.28,0,7660
N4Q17,2017-07-13,37.72,37.72,37.72,37.72,0,7660
N4Q17,2017-07-14,37.72,37.72,37.72,37.72,0,7660
N4Q17,2017-07-17,38.94,38.94,38.94,38.94,0,7660
N4Q17,2017-07-18,38.26,38.26,38.26,38.26,0,7660
N4Q17,2017-07-19,38.1,38.14,38.1,38.14,5,7665
N4Q17,2017-07-20,39.31,39.31,39.31,39.31,0,7665
N4Q17,2017-07-21,39.15,39.15,39.15,39.15,0,7665
N4Q17,2017-07-24,39,39,38.98,38.98,15,7650
N4Q17,2017-07-25,39.43,39.43,39.43,39.43,30,7620
N4U17,2017-07-26,44.01,44.01,44.01,44.01,35,7620
N4U17,2017-07-27,43.92,43.92,43.92,43.92,0,7620
N4U17,2017-07-28,44.29,44.29,44.29,44.29,0,7375
N4U17,2017-07-31,44.69,44.69,44.69,44.69,360,7375
N4U17,2017-08-01,43.69,43.69,43.69,43.69,0,7375
N4U17,2017-08-02,44.29,44.29,44.29,44.29,0,7375
N4U17,2017-08-03,45.6,45.6,45.11,45.11,10,7385
N4U17,2017-08-04,45.45,45.65,45.45,45.56,20,7390
N4U17,2017-08-07,46.42,46.42,46.42,46.42,15,7395
N4U17,2017-08-08,46.07,46.07,46.07,46.07,10,7395
N4U17,2017-08-09,46.66,46.66,46.66,46.66,10,7395
N4U17,2017-08-10,47.08,47.08,47.08,47.08,0,7395
N4U17,2017-08-11,48.06,48.06,48.06,48.06,10,7395
N4U17,2017-08-14,48.31,48.31,48.31,48.31,0,7395
N4U17,2017-08-15,48.4,48.4,48,48,135,7400
N4U17,2017-08-16,48.9,48.9,48.9,48.9,10,7400
N4U17,2017-08-17,48.95,48.95,48.95,48.95,0,7400
N4U17,2017-08-18,49.47,49.47,49.47,49.47,0,7400
N4U17,2017-08-21,49.8,49.83,49.8,49.83,30,7390
N4V17,2017-08-22,46.1,46.1,46.1,46.1,40,7350
N4V17,2017-08-23,46.4,47.02,46.4,47.02,20,7340
N4V17,2017-08-24,47.4,47.4,47.2,47.2,15,7335
N4V17,2017-08-25,47.39,47.39,47.39,47.39,0,7335
N4V17,2017-08-28,47.39,47.39,47.39,47.39,0,7335
N4V17,2017-08-29,47.99,47.99,47.99,47.99,0,7335
N4V17,2017-08-30,47.33,47.33,47.33,47.33,0,7155
N4V17,2017-08-31,46.85,46.85,46.85,46.85,0,7155
N4V17,2017-09-01,46.56,46.56,46.56,46.56,45,7155
N4V17,2017-09-04,46.15,46.15,46.15,46.15,0,7155
N4V17,2017-09-05,46.65,46.66,46.65,46.66,30,7165
N4V17,2017-09-06,46.65,46.65,46.65,46.65,0,7165
N4V17,2017-09-07,46.5,46.5,46.5,46.5,0,7165
N4V17,2017-09-08,46.6,46.6,46.58,46.58,20,7175
N4V17,2017-09-11,47.27,47.27,47.27,47.27,10,7175
N4V17,2017-09-12,47,47,46.92,46.92,15,7185
N4V17,2017-09-13,47.27,47.27,47.27,47.27,0,7185
N4V17,2017-09-14,47.54,47.54,47.54,47.54,0,7185
N4V17,2017-09-15,46.48,46.48,46.48,46.48,25,7200
N4X17,2017-09-18,50.8,50.8,50.78,50.78,50,7190
N4X17,2017-09-19,51.06,51.06,51.06,51.06,360,7000
N4X17,2017-09-20,50.95,50.95,50.7,50.7,20,6990
N4X17,2017-09-21,49.87,50.01,49.87,50.01,10,7000
N4X17,2017-09-22,49.63,49.63,49.63,49.63,0,7000
N4X17,2017-09-25,49.95,50.38,49.95,50.38,105,7015
N4X17,2017-09-26,49.95,49.95,49.87,49.87,10,7020
N4X17,2017-09-27,49.64,49.64,49.64,49.64,0,7020
N4X17,2017-09-28,51.37,51.37,51.37,51.37,0,6900
N4X17,2017-09-29,50.73,50.73,50.73,50.73,0,6900
N4X17,2017-10-02,51.73,51.73,51.73,51.73,0,6900
N4X17,2017-10-03,52.84,52.84,52.84,52.84,10,6900
N4X17,2017-10-04,52.6,52.6,52.6,52.6,30,6900
N4X17,2017-10-05,54.1,54.6,54.05,54.55,125,6810
N4X17,2017-10-06,54.61,54.61,54.61,54.61,0,6810
N4X17,2017-10-09,54.9,54.9,54.68,54.68,70,6760
N4X17,2017-10-10,54.75,54.75,54.71,54.71,85,6695
N4X17,2017-10-11,54.28,54.28,54.28,54.28,180,6590
N4X17,2017-10-12,53.48,53.48,53.48,53.48,90,6575
N4X17,2017-10-13,53.42,53.42,53.42,53.42,0,6575
N4X17,2017-10-16,52.59,52.59,52.59,52.59,0,6575
N4X17,2017-10-17,52.55,52.55,52.55,52.55,0,6575
N4X17,2017-10-18,53.41,53.41,53.41,53.41,0,6575
N4X17,2017-10-19,52.2,52.2,52.2,52.2,140,6570
N4X17,2017-10-20,51.19,51.19,51.19,51.19,0,6570
N4X17,2017-10-23,50.51,50.51,50.51,50.51,0,6570
N4X17,2017-10-24,50.67,50.67,50.67,50.67,0,6570
N4X17,2017-10-25,51.42,51.42,51.42,51.42,0,6570
N4X17,2017-10-26,51.3,51.3,51.3,51.3,0,6570
N4Z17,2017-10-27,51.61,51.61,51.61,51.61,5,6575
N4Z17,2017-10-30,50.97,50.97,50.97,50.97,0,6335
N4Z17,2017-10-31,51.48,51.48,51.48,51.48,0,6335
N4Z17,2017-11-01,51.73,51.73,51.73,51.73,0,6335
N4Z17,2017-11-02,52.15,52.15,52.15,52.15,0,6335
N4Z17,2017-11-03,51.45,51.45,51.45,51.45,0,6335
N4Z17,2017-11-06,52.39,52.39,52.39,52.39,360,6221
N4Z17,2017-11-07,52.85,52.85,52.85,52.85,0,6221
N4Z17,2017-11-08,52.99,52.99,52.99,52.99,0,6215
N4Z17,2017-11-09,53.89,53.89,53.89,53.89,0,6215
N4Z17,2017-11-10,53.74,53.74,53.74,53.74,0,6215
N4Z17,2017-11-13,54.04,54.04,54.04,54.04,0,6215
N4Z17,2017-11-14,52.64,52.64,52.64,52.64,0,6215
N4Z17,2017-11-15,51.84,51.84,51.84,51.84,0,6215
N4Z17,2017-11-16,52.08,52.08,52.08,52.08,0,6215
N4Z17,2017-11-17,51.59,51.59,51.59,51.59,0,6215
N4Z17,2017-11-20,52.64,52.64,52.64,52.64,0,6215
N4Z17,2017-11-21,53.24,53.24,53.24,53.24,150,6205
N4F18,2017-11-22,54.8,54.8,54.8,54.8,0,6205
N4F18,2017-11-23,55.63,55.63,55.63,55.63,0,6205
N4F18,2017-11-24,56.94,56.94,56.94,56.94,0,6205
N4F18,2017-11-27,57.13,57.13,57.13,57.13,0,6205
N4F18,2017-11-28,56.26,56.26,56.26,56.26,0,6205
N4F18,2017-11-29,55.75,55.75,55.75,55.75,0,5985
N4F18,2017-11-30,54.98,54.98,54.98,54.98,0,5985
N4F18,2017-12-01,55.73,55.73,55.73,55.73,0,5985
N4F18,2017-12-04,56.52,56.52,56.52,56.52,0,5985
N4F18,2017-12-05,56.58,56.58,56.58,56.58,0,5985
N4F18,2017-12-06,55.75,55.75,55.75,55.75,0,5985
N4F18,2017-12-07,55.85,55.85,55.85,55.85,0,5985
N4F18,2017-12-08,55.15,55.15,55.05,55.05,20,5975
N4F18,2017-12-11,57.16,57.16,57.16,57.16,0,5975
N4F18,2017-12-12,60.31,60.31,60.31,60.31,0,5975
N4F18,2017-12-13,56.62,56.62,56.62,56.62,0,5975
N4F18,2017-12-14,57.37,57.37,57.37,57.37,30,5945
N4F18,2017-12-15,57.2,57.2,57.2,57.2,150,5935
N4F18,2017-12-18,56.02,56.02,56.02,56.02,0,5935
N4F18,2017-12-19,55.57,55.57,55.57,55.57,0,5935
N4F18,2017-12-20,56.67,56.67,56.67,56.67,0,5935
N4G18,2017-12-21,56.04,56.04,56.04,56.04,0,5935
N4G18,2017-12-22,55.08,55.08,55.08,55.08,0,5935
N4G18,2017-12-26,55.08,55.08,55.08,55.08,0,5935
N4G18,2017-12-27,53.84,53.84,53.84,53.84,0,5935
N4G18,2017-12-28,54.31,54.31,54.31,54.31,0,5690
N4G18,2017-12-29,54.34,54.34,54.34,54.34,0,5690
N4G18,2018-01-02,52.87,52.87,52.87,52.87,0,5690
N4G18,2018-01-03,52.77,52.77,52.77,52.77,0,5690
N4G18,2018-01-04,52.53,52.53,52.53,52.53,0,5690
N4G18,2018-01-05,51.73,51.73,51.73,51.73,0,5690
N4G18,2018-01-08,51.79,51.79,51.79,51.79,0,5690
N4G18,2018-01-09,52.4,52.53,52.4,52.53,5,5690
N4G18,2018-01-10,52.34,52.34,52.34,52.34,0,5690
N4G18,2018-01-11,52.32,52.32,52.32,52.32,0,5690
N4G18,2018-01-12,53.44,53.44,53.44,53.44,30,5720
N4G18,2018-01-15,52.03,52.03,52.03,52.03,0,5720
N4G18,2018-01-16,51.62,51.62,51.62,51.62,0,5720
N4G18,2018-01-17,50.5,50.5,50.5,50.5,0,5720
N4G18,2018-01-18,49.84,49.84,49.84,49.84,0,5720
N4G18,2018-01-19,49.83,49.83,49.83,49.83,0,5720
N4G18,2018-01-22,50.37,50.37,50.37,50.37,0,5720
N4G18,2018-01-23,49.63,49.63,49.63,49.63,0,5720
N4G18,2018-01-24,48.79,48.79,48.79,48.79,0,5720
N4G18,2018-01-25,49.1,49.1,49.05,49.05,35,5750
N4H18,2018-01-26,47.63,47.63,47.63,47.63,150,5730
N4H18,2018-01-29,46.83,46.83,46.83,46.83,0,5730
N4H18,2018-01-30,46.58,46.58,46.58,46.58,0,5485
N4H18,2018-01-31,47.79,47.79,47.79,47.79,0,5485
N4H18,2018-02-01,48.7,48.7,48.7,48.7,30,5515
N4H18,2018-02-02,48.63,48.63,48.63,48.63,0,5515
N4H18,2018-02-05,47.63,47.63,47.63,47.63,0,5515
N4H18,2018-02-06,48.4,48.4,48.4,48.4,0,5515
N4H18,2018-02-07,49.14,49.14,49.14,49.14,15,5530
N4H18,2018-02-08,47.86,47.86,47.86,47.86,0,5530
N4H18,2018-02-09,48.32,48.32,48.32,48.32,0,5530
N4H18,2018-02-12,48.64,48.64,48.64,48.64,0,5530
N4H18,2018-02-13,49.8,49.8,49.8,49.8,0,5530
N4H18,2018-02-14,49.26,49.26,49.26,49.26,0,5530
N4H18,2018-02-15,48.36,48.36,48.36,48.36,0,5530
N4H18,2018-02-16,49.49,49.49,49.49,49.49,0,5530
N4H18,2018-02-19,51.2,51.2,51.2,51.2,150,5510
N4J18,2018-02-20,47.75,47.75,47.75,47.75,0,5510
N4J18,2018-02-21,47.3,47.3,47.3,47.3,0,5510
N4J18,2018-02-22,47.46,47.46,47.46,47.46,30,5540
N4J18,2018-02-23,47.68,47.68,47.68,47.68,60,5555
N4J18,2018-02-26,46.34,46.34,46.34,46.34,0,5555
N4J18,2018-02-27,46.64,46.64,46.64,46.64,0,5310
N4J18,2018-02-28,46.35,46.35,46.35,46.35,30,5310
N4J18,2018-03-01,46.77,46.77,46.77,46.77,30,5340
N4J18,2018-03-02,47.75,47.75,47.75,47.75,0,5340
N4J18,2018-03-05,46.86,46.86,46.86,46.86,0,5340
N4J18,2018-03-06,47,47.34,47,47.34,45,5345
N4J18,2018-03-07,47.42,47.42,47.42,47.42,0,5345
N4J18,2018-03-08,48.34,48.34,48.34,48.34,30,5375
N4J18,2018-03-09,49.73,49.73,49.73,49.73,0,5375
N4J18,2018-03-12,51.38,51.38,51.38,51.38,0,5375
N4J18,2018-03-13,50.8,50.8,50.8,50.8,0,5375
N4J18,2018-03-14,49.04,49.04,49.04,49.04,0,5375
N4J18,2018-03-15,49.46,49.46,49.46,49.46,0,5375
N4J18,2018-03-16,49.1,49.1,49.1,49.1,0,5375
N4J18,2018-03-19,48.79,48.79,48.79,48.79,0,5375
N4J18,2018-03-20,49.63,49.63,49.63,49.63,0,5375
N4J18,2018-03-21,50.04,50.04,50.04,50.04,0,5375
N4J18,2018-03-22,49,49.34,49,49.34,1,5376
N4J18,2018-03-23,48.92,48.92,48.92,48.92,0,5376
N4J18,2018-03-26,48.12,48.12,48.12,48.12,18,5394
N4J18,2018-03-27,49.88,49.88,49.88,49.88,0,5394
N4K18,2018-03-28,47.71,47.71,47.71,47.71,0,5223
N4K18,2018-03-29,48.04,48.04,48.04,48.04,0,5223
N4K18,2018-04-02,48.04,48.04,48.04,48.04,0,5223
N4K18,2018-04-03,47.39,47.39,47.39,47.39,0,5223
N4K18,2018-04-04,47.6,47.6,47.6,47.6,0,5223
N4K18,2018-04-05,47.29,47.29,47.29,47.29,0,5223
N4K18,2018-04-06,47.5,47.5,47.5,47.5,0,5223
N4K18,2018-04-09,48.56,48.56,48.56,48.56,0,5223
N4K18,2018-04-10,48.78,48.78,48.78,48.78,0,5223
N4K18,2018-04-11,49.66,49.66,49.66,49.66,60,5283
N4K18,2018-04-12,49.38,49.38,49.38,49.38,0,5283
N4K18,2018-04-13,49.94,49.94,49.94,49.94,0,5283
N4K18,2018-04-16,49.41,49.41,49.41,49.41,0,5283
N4K18,2018-04-17,48.83,48.83,48.83,48.83,15,5298
N4K18,2018-04-18,49.69,49.69,49.69,49.69,0,5298
N4K18,2018-04-19,50.32,50.32,50.32,50.32,0,5298
N4K18,2018-04-20,50.45,50.45,50.45,50.45,0,5298
N4K18,2018-04-23,50.61,50.61,50.61,50.61,0,5298
N4K18,2018-04-24,50.06,50.06,50.06,50.06,0,5298
N4K18,2018-04-25,50.65,50.65,50.65,50.65,0,5298
N4K18,2018-04-26,51.26,51.26,51.26,51.26,60,5298
N4M18,2018-04-27,51.61,51.61,51.61,51.61,0,5133
N4M18,2018-04-30,52.47,52.47,52.47,52.47,0,5133
N4M18,2018-05-01,51.41,51.41,51.41,51.41,0,5133
N4M18,2018-05-02,50.52,50.52,50.52,50.52,0,5133
N4M18,2018-05-03,50.83,50.83,50.83,50.83,0,5133
N4M18,2018-05-04,51.76,51.76,51.76,51.76,0,5133
N4M18,2018-05-07,51.76,51.76,51.76,51.76,0,5133
N4M18,2018-05-08,51.69,51.69,51.69,51.69,0,5133
N4M18,2018-05-09,52.31,52.31,52.31,52.31,15,5148
N4M18,2018-05-10,52.93,52.93,52.93,52.93,0,5148
N4M18,2018-05-11,53.46,53.46,53.46,53.46,30,5178
N4M18,2018-05-14,53.98,53.98,53.98,53.98,0,5178
N4M18,2018-05-15,53.7,53.7,53.7,53.7,12,5190
N4M18,2018-05-16,53.95,53.95,53.95,53.95,0,5190
N4M18,2018-05-17,55,55,55,55,0,5190
N4M18,2018-05-18,54.62,54.62,54.62,54.62,0,5190
N4M18,2018-05-21,55.34,55.34,55.34,55.34,0,5190
N4M18,2018-05-22,56.37,56.37,56.37,56.37,0,5190
N4N18,2018-05-23,56.39,56.39,56.39,56.39,0,5190
N4N18,2018-05-24,56.26,56.26,56.26,56.26,0,5190
N4N18,2018-05-25,54.8,54.8,54.8,54.8,0,5190
N4N18,2018-05-28,54.8,54.8,54.8,54.8,0,5190
N4N18,2018-05-29,56.33,56.33,56.33,56.33,0,5190
N4N18,2018-05-30,57.08,57.08,57.08,57.08,0,5025
N4N18,2018-05-31,55.86,55.86,55.86,55.86,0,5025
N4N18,2018-06-01,54.2,54.2,54.2,54.2,0,5025
N4N18,2018-06-04,54.8,54.8,54.8,54.8,30,5025
N4N18,2018-06-05,53.67,53.67,53.67,53.67,0,5025
N4N18,2018-06-06,53.47,53.47,53.47,53.47,0,5025
N4N18,2018-06-07,54.32,54.32,54.32,54.32,0,5025
N4N18,2018-06-08,53.83,53.83,53.83,53.83,0,5025
N4N18,2018-06-11,53.09,53.09,53.09,53.09,0,5025
N4N18,2018-06-12,53.8,53.8,53.8,53.8,0,5025
N4N18,2018-06-13,54.82,54.82,54.82,54.82,0,5025
N4N18,2018-06-14,54.39,54.39,54.39,54.39,0,5025
N4N18,2018-06-15,52.95,52.95,52.95,52.95,0,5025
N4N18,2018-06-18,53.78,53.78,53.78,53.78,30,5055
N4N18,2018-06-19,52.46,52.46,52.46,52.46,0,5055
N4N18,2018-06-20,51.83,51.83,51.83,51.83,0,5055
N4Q18,2018-06-21,53.22,53.22,53.22,53.22,0,5055
N4Q18,2018-06-22,53.39,53.39,53.39,53.39,0,5055
N4Q18,2018-06-25,53.1,53.1,53.1,53.1,0,5055
N4Q18,2018-06-26,53.12,53.12,53.12,53.12,0,5055
N4Q18,2018-06-27,54.35,54.35,54.35,54.35,0,5055
N4Q18,2018-06-28,54.23,54.23,54.23,54.23,36,4916
N4Q18,2018-06-29,53.97,53.97,53.97,53.97,0,4916
N4Q18,2018-07-02,54.87,54.87,54.87,54.87,0,4916
N4Q18,2018-07-03,55.13,55.13,55.13,55.13,0,4916
N4Q18,2018-07-04,55.37,55.37,55.13,55.37,0,4916
N4Q18,2018-07-05,56.24,56.24,56.24,56.24,0,4916
N4Q18,2018-07-06,55.65,55.65,55.65,55.65,0,4916
N4Q18,2018-07-09,57.09,57.09,57.09,57.09,0,4916
N4Q18,2018-07-10,56.76,56.76,56.76,56.76,0,4916
N4Q18,2018-07-11,56.31,56.31,56.31,56.31,0,4916
N4Q18,2018-07-12,55.02,55.02,55.02,55.02,0,4916
N4Q18,2018-07-13,55.92,55.92,55.92,55.92,0,4916
N4Q18,2018-07-16,55.44,55.44,55.44,55.44,0,4916
N4Q18,2018-07-17,55.54,55.54,55.54,55.54,0,4916
N4Q18,2018-07-18,56.54,56.54,56.54,56.54,30,4946
N4Q18,2018-07-19,56.74,56.74,56.74,56.74,0,4946
N4Q18,2018-07-20,56.38,56.38,56.38,56.38,0,4946
N4Q18,2018-07-23,56.84,56.84,56.84,56.84,48,4976
N4Q18,2018-07-24,57.03,57.03,57.03,57.03,0,4976
N4Q18,2018-07-25,57.6,57.6,57.6,57.6,0,4976
N4Q18,2018-07-26,57.06,57.06,57.06,57.06,0,4976
N4U18,2018-07-27,58.79,58.79,58.79,58.79,10,4986
N4U18,2018-07-30,59.16,59.16,59.16,59.16,0,4801
N4U18,2018-07-31,59.14,59.14,59.14,59.14,0,4801
N4U18,2018-08-01,58.7,58.7,58.7,58.7,0,4801
N4U18,2018-08-02,58.59,58.59,58.59,58.59,0,4801
N4U18,2018-08-03,59.04,59.04,59.04,59.04,0,4801
N4U18,2018-08-06,59.5,59.5,59.5,59.5,0,4801
N4U18,2018-08-07,59.61,59.61,59.61,59.61,0,4801
N4U18,2018-08-08,59.68,59.68,59.68,59.68,0,4801
N4U18,2018-08-09,59.94,59.94,59.94,59.94,0,4801
N4U18,2018-08-10,60.09,60.09,60.09,60.09,0,4801
N4U18,2018-08-13,61.39,61.39,61.39,61.39,0,4801
N4U18,2018-08-14,61.53,61.53,61.53,61.53,180,4621
N4U18,2018-08-15,61,61,61,61,0,4621
N4U18,2018-08-16,61.8,61.8,61.8,61.8,0,4621
N4U18,2018-08-17,62.41,62.41,62.41,62.41,0,4621
N4U18,2018-08-20,62.69,62.69,62.69,62.69,0,4621
N4U18,2018-08-21,63.15,63.15,63.15,63.15,0,4621
N4U18,2018-08-22,63.55,63.55,63.55,63.55,0,4621
N4V18,2018-08-23,65.61,65.61,65.61,65.61,0,4621
N4V18,2018-08-24,66.16,66.16,66.16,66.16,0,4621
N4V18,2018-08-27,66.16,66.16,66.16,66.16,0,4621
N4V18,2018-08-28,67.13,67.13,67.13,67.13,30,4621
N4V18,2018-08-29,67.47,67.47,67.47,67.47,0,4621
N4V18,2018-08-30,67.32,67.32,67.32,67.32,0,4446
N4V18,2018-08-31,66.86,66.86,66.86,66.86,0,4446
N4V18,2018-09-03,67.41,67.41,67.41,67.41,0,4446
N4V18,2018-09-04,67.94,67.94,67.94,67.94,0,4446
N4V18,2018-09-05,68.25,68.25,68.25,68.25,0,4446
N4V18,2018-09-06,69.05,69.05,69.05,69.05,0,4446
N4V18,2018-09-07,70.05,70.05,70.05,70.05,30,4446
N4V18,2018-09-10,72.25,72.25,72.25,72.25,0,4446
N4V18,2018-09-11,71.52,71.52,71.52,71.52,30,4476
N4V18,2018-09-12,69.19,69.19,69.19,69.19,0,4476
N4V18,2018-09-13,66.6,66.6,66.6,66.6,30,4506
N4V18,2018-09-14,66.75,66.75,66.75,66.75,0,4506
N4V18,2018-09-17,68.34,68.34,68.34,68.34,0,4506
N4V18,2018-09-18,67.15,67.15,67.15,67.15,0,4506
N4V18,2018-09-19,68.92,68.92,68.92,68.92,0,4506
N4X18,2018-09-20,73.45,73.45,73.45,73.45,300,4206
N4X18,2018-09-21,74.64,74.64,74.64,74.64,0,4206
N4X18,2018-09-24,76.16,76.16,76.16,76.16,0,4206
N4X18,2018-09-25,75.18,75.18,75.18,75.18,0,4206
N4X18,2018-09-26,72.83,72.83,72.83,72.83,0,4206
N4X18,2018-09-27,71.49,71.49,71.49,71.49,0,3791
N4X18,2018-09-28,70.8,70.8,70.8,70.8,0,3791
N4X18,2018-10-01,70.58,70.58,70.58,70.58,0,3791
N4X18,2018-10-02,70.12,70.12,70.12,70.12,0,3791
N4X18,2018-10-03,70.05,70.05,70.05,70.05,0,3791
N4X18,2018-10-04,70.76,70.76,70.05,70.76,0,3791
N4X18,2018-10-05,71.43,71.43,71.43,71.43,0,3791
N4X18,2018-10-08,69.74,69.74,69.74,69.74,0,3791
N4X18,2018-10-09,68.34,68.34,68.34,68.34,0,3791
N4X18,2018-10-10,66.96,66.96,66.96,66.96,0,3791
N4X18,2018-10-11,66.09,66.09,66.09,66.09,0,3791
N4X18,2018-10-12,68.36,68.36,68.36,68.36,0,3791
N4X18,2018-10-15,67.58,67.58,67.58,67.58,60,3851
N4X18,2018-10-16,67.42,67.42,67.42,67.42,0,3851
N4X18,2018-10-17,66.4,66.85,66.4,66.85,35,3886
N4X18,2018-10-18,66.87,66.87,66.87,66.87,0,3886
N4X18,2018-10-19,68.77,68.77,68.77,68.77,0,3886
N4X18,2018-10-22,67.21,67.21,67.21,67.21,0,3886
N4X18,2018-10-23,66.22,66.22,66.22,66.22,0,3886
N4X18,2018-10-24,66.03,66.03,66.03,66.03,12,3898
N4Z18,2018-10-25,66.48,66.48,66.48,66.48,10,3908
N4Z18,2018-10-26,65.16,65.16,65.16,65.16,0,3908
N4Z18,2018-10-29,65.46,65.46,65.46,65.46,0,3908
N4Z18,2018-10-30,64,64,64,64,0,3478
N4Z18,2018-10-31,63.47,63.47,63.47,63.47,0,3478
N4Z18,2018-11-01,61.62,61.62,61.62,61.62,0,3478
N4Z18,2018-11-02,63.19,63.19,63.19,63.19,0,3478
N4Z18,2018-11-05,62.13,62.13,62.13,62.13,0,3478
N4Z18,2018-11-06,62.05,62.18,62.05,62.18,40,3508
N4Z18,2018-11-07,63.63,63.63,63.63,63.63,0,3508
N4Z18,2018-11-08,63.37,63.37,63.37,63.37,0,3508
N4Z18,2018-11-09,63.54,63.54,63.54,63.54,0,3508
N4Z18,2018-11-12,67.64,67.64,67.64,67.64,30,3538
N4Z18,2018-11-13,68.18,68.18,68.18,68.18,0,3538
N4Z18,2018-11-14,67.81,67.81,67.81,67.81,15,3553
N4Z18,2018-11-15,69.35,69.35,69.35,69.35,0,3553
N4Z18,2018-11-16,68.3,68.3,68.3,68.3,0,3553
N4Z18,2018-11-19,63.9,64,63.9,63.95,80,3578
N4Z18,2018-11-20,64.07,64.07,64.07,64.07,0,3578
N4Z18,2018-11-21,64.75,64.75,64.75,64.75,0,3578
N4F19,2018-11-22,66.19,66.19,66.19,66.19,0,3578
N4F19,2018-11-23,66.51,66.51,66.51,66.51,0,3578
N4F19,2018-11-26,65.51,65.51,65.51,65.51,0,3578
N4F19,2018-11-27,67.11,67.11,67.11,67.11,0,3578
N4F19,2018-11-28,65.53,65.53,65.53,65.53,0,3578
N4F19,2018-11-29,66.24,66.24,66.24,66.24,0,3168
N4F19,2018-11-30,65.98,65.98,65.98,65.98,0,3168
N4F19,2018-12-03,66.94,66.94,66.94,66.94,0,3168
N4F19,2018-12-04,65.95,65.95,65.95,65.95,0,3168
N4F19,2018-12-05,64.14,64.14,64.14,64.14,0,3168
N4F19,2018-12-06,62.72,62.72,62.72,62.72,45,3213
N4F19,2018-12-07,62.95,62.95,62.95,62.95,0,3213
N4F19,2018-12-10,63.81,63.81,63.81,63.81,0,3213
N4F19,2018-12-11,64.45,64.45,64.45,64.45,0,3213
N4F19,2018-12-12,65.61,65.61,65.61,65.61,0,3213
N4F19,2018-12-13,65.85,65.85,65.85,65.85,0,3213
N4F19,2018-12-14,67.38,67.38,67.38,67.38,0,3213
N4F19,2018-12-17,67.9,67.9,67.9,67.9,0,3213
N4F19,2018-12-18,66.81,66.81,66.81,66.81,0,3213
N4F19,2018-12-19,68.51,68.51,68.51,68.51,0,3213
N4F19,2018-12-20,68.89,68.89,68.89,68.89,0,3213
N4G19,2018-12-21,68.61,68.61,68.61,68.61,0,3213
N4G19,2018-12-24,68.61,68.61,68.61,68.61,0,3213
N4G19,2018-12-26,68.61,68.61,68.61,68.61,0,3213
N4G19,2018-12-27,65.77,65.77,65.77,65.77,0,3213
N4G19,2018-12-28,64.69,64.69,64.69,64.69,0,2778
N4G19,2018-12-31,63.23,63.23,63.23,63.23,0,2778
N4G19,2019-01-02,63.83,63.83,63.83,63.83,0,2778
N4G19,2019-01-03,63.17,63.17,63.17,63.17,0,2778
N4G19,2019-01-04,64.17,64.17,64.17,64.17,0,2778
N4G19,2019-01-07,60.72,60.72,60.72,60.72,0,2778
N4G19,2019-01-08,62.16,62.16,62.16,62.16,0,2778
N4G19,2019-01-09,61.61,61.61,61.61,61.61,0,2778
N4G19,2019-01-10,61.69,61.69,61.69,61.69,0,2778
N4G19,2019-01-11,62.99,62.99,62.99,62.99,0,2778
N4G19,2019-01-14,61.43,61.43,61.43,61.43,0,2778
N4G19,2019-01-15,62.59,62.59,62.59,62.59,0,2778
N4G19,2019-01-16,62.59,62.59,62.59,62.59,0,2778
N4G19,2019-01-17,64.47,64.47,64.47,64.47,60,2838
N4G19,2019-01-18,63.89,63.89,63.89,63.89,0,2838
N4G19,2019-01-21,61.89,61.89,61.89,61.89,60,2898
N4G19,2019-01-22,62.11,62.11,62.11,62.11,0,2898
N4H19,2019-01-23,59.17,59.17,59.17,59.17,0,2898
N4H19,2019-01-24,57.52,57.52,57.52,57.52,0,2898
N4H19,2019-01-25,56.36,56.36,56.36,56.36,0,2898
N4H19,2019-01-28,55.47,55.47,55.47,55.47,0,2898
N4H19,2019-01-29,55.79,55.79,55.79,55.79,0,2898
N4H19,2019-01-30,55.07,55.07,55.07,55.07,0,2463
N4H19,2019-01-31,54.1,54.1,54.1,54.1,0,2463
N4H19,2019-02-01,53.09,53.09,53.09,53.09,0,2463
N4H19,2019-02-04,53.36,53.36,53.36,53.36,0,2463
N4H19,2019-02-05,53.38,53.38,53.38,53.38,0,2463
N4H19,2019-02-06,53.46,53.46,53.46,53.46,0,2463
N4H19,2019-02-07,53.27,53.27,53.27,53.27,0,2463
N4H19,2019-02-08,52.06,52.06,52.06,52.06,0,2463
N4H19,2019-02-11,51.56,51.56,51.56,51.56,0,2463
N4H19,2019-02-12,50.4,50.4,50.4,50.4,0,2463
N4H19,2019-02-13,50.66,50.66,50.66,50.66,0,2463
N4H19,2019-02-14,49.99,49.99,49.99,49.99,0,2463
N4H19,2019-02-15,50.52,50.52,50.52,50.52,0,2463
N4H19,2019-02-18,49.2,49.2,49.2,49.2,0,2463
N4H19,2019-02-19,49.2,49.55,49.2,49.55,10,2473
N4H19,2019-02-20,50.13,50.13,50.13,50.13,0,2473
N4H19,2019-02-21,48.42,48.42,48.42,48.42,0,2473
N4H19,2019-02-22,47.92,47.92,47.92,47.92,0,2473
N4H19,2019-02-25,47.36,47.36,47.36,47.36,0,2473
N4H19,2019-02-26,47.6,47.6,47.37,47.37,35,2473
N4J19,2019-02-27,48.32,48.32,48.32,48.32,0,2028
N4J19,2019-02-28,48.37,48.37,48.37,48.37,0,2028
N4J19,2019-03-01,47.94,47.94,47.94,47.94,0,2028
N4J19,2019-03-04,48.2,48.2,48.2,48.2,0,2028
N4J19,2019-03-05,47.9,47.9,47.9,47.9,0,2028
N4J19,2019-03-06,47.3,47.3,47.3,47.3,0,2028
N4J19,2019-03-07,47.15,47.15,47.15,47.15,0,2028
N4J19,2019-03-08,47.47,47.47,47.47,47.47,0,2028
N4J19,2019-03-11,46.82,46.82,46.82,46.82,30,2058
N4J19,2019-03-12,46.42,46.42,46.42,46.42,0,2058
N4J19,2019-03-13,45.38,45.38,45.38,45.38,0,2058
N4J19,2019-03-14,45.17,45.17,45.17,45.17,0,2058
N4J19,2019-03-15,44.27,44.27,44.27,44.27,0,2058
N4J19,2019-03-18,43.85,43.85,43.85,43.85,0,2058
N4J19,2019-03-19,43.72,43.72,43.72,43.72,0,2058
N4J19,2019-03-20,44.3,44.3,44.3,44.3,240,1818
N4J19,2019-03-21,43.65,43.65,43.65,43.65,0,1818
N4J19,2019-03-22,43.1,43.1,42.95,42.95,10,1818
N4J19,2019-03-25,43.25,43.25,42.47,42.47,30,1828
N4J19,2019-03-26,42.67,42.67,42.67,42.67,0,1828
N4K19,2019-03-27,42.74,42.74,42.74,42.74,10,1838
N4K19,2019-03-28,42.65,42.65,42.65,42.65,50,1693
N4K19,2019-03-29,41.46,41.46,41.46,41.46,0,1693
N4K19,2019-04-01,40.53,40.53,40.53,40.53,0,1693
N4K19,2019-04-02,39.76,39.76,39.76,39.76,0,1693
N4K19,2019-04-03,41.43,41.43,41.43,41.43,0,1693
N4K19,2019-04-04,43.08,43.08,43.08,43.08,0,1693
N4K19,2019-04-05,47.06,47.06,47.06,47.06,0,1693
N4K19,2019-04-08,46.35,46.35,46.35,46.35,10,1703
N4K19,2019-04-09,47.5,47.5,47.5,47.5,10,1703
N4K19,2019-04-10,47.75,47.75,46.18,46.18,65,1708
N4K19,2019-04-11,46.5,46.5,46.5,46.5,0,1708
N4K19,2019-04-12,45.69,45.69,45.69,45.69,0,1708
N4K19,2019-04-15,43.98,43.98,43.98,43.98,0,1708
N4K19,2019-04-16,43.8,43.8,43.8,43.8,0,1708
N4K19,2019-04-17,44.71,44.71,44.71,44.71,0,1708
N4K19,2019-04-18,42.98,42.98,42.98,42.98,30,1723
N4K19,2019-04-22,42.98,42.98,42.98,42.98,0,1723
N4K19,2019-04-23,43.05,43.05,43.05,43.05,0,1723
N4K19,2019-04-24,42.58,42.58,42.58,42.58,0,1723
N4K19,2019-04-25,43.25,43.25,43.21,43.21,50,1768
N4M19,2019-04-26,43.25,43.25,43.25,43.25,5,1768
N4M19,2019-04-29,43.49,43.49,43.49,43.49,0,1643
N4M19,2019-04-30,43.18,43.18,43.18,43.18,36,1679
N4M19,2019-05-01,42.33,42.33,42.33,42.33,12,1691
N4M19,2019-05-02,42.47,42.47,42.47,42.47,0,1691
N4M19,2019-05-03,43,43,43,43,0,1691
N4M19,2019-05-06,43,43,43,43,0,1691
N4M19,2019-05-07,42.36,42.36,42.36,42.36,0,1691
N4M19,2019-05-08,43.26,43.26,43.26,43.26,0,1691
N4M19,2019-05-09,43.7,43.7,43.7,43.7,30,1721
N4M19,2019-05-10,42.67,42.67,42.67,42.67,0,1721
N4M19,2019-05-13,42.38,42.38,42.38,42.38,0,1721
N4M19,2019-05-14,42.52,42.52,42.52,42.52,0,1721
N4M19,2019-05-15,42.61,42.61,42.61,42.61,30,1751
N4M19,2019-05-16,41.72,41.72,41.72,41.72,0,1751
N4M19,2019-05-17,40.62,40.62,40.62,40.62,0,1751
N4M19,2019-05-20,41.02,41.02,41.02,41.02,0,1751
N4M19,2019-05-21,40.66,40.66,40.66,40.66,0,1751
N4M19,2019-05-22,41.22,41.22,41.22,41.22,0,1751
N4M19,2019-05-23,40.95,41.3,40.95,41.3,30,1766
N4M19,2019-05-24,40.81,40.81,40.81,40.81,0,1766
N4M19,2019-05-27,40.81,40.81,40.81,40.81,0,1766
N4N19,2019-05-28,41.25,41.25,41.25,41.25,5,1771
N4N19,2019-05-29,40.83,40.83,40.83,40.83,0,1771
N4N19,2019-05-30,39.92,39.92,39.92,39.92,24,1680
N4N19,2019-05-31,39.1,39.1,39.1,39.1,30,1710
N4N19,2019-06-03,38.45,38.45,38.45,38.45,0,1710
N4N19,2019-06-04,39.47,39.47,39.47,39.47,30,1740
N4N19,2019-06-05,39.3,39.3,39.3,39.3,0,1740
N4N19,2019-06-06,38.15,38.15,38.15,38.15,0,1740
N4N19,2019-06-07,39.13,39.13,39.13,39.13,48,1740
N4N19,2019-06-10,39.98,39.98,39.98,39.98,0,1740
N4N19,2019-06-11,38.95,38.95,38.95,38.95,30,1770
N4N19,2019-06-12,38.88,38.88,38.88,38.88,24,1770
N4N19,2019-06-13,39.2,39.2,39.2,39.2,0,1770
N4N19,2019-06-14,39.25,39.25,39.25,39.25,60,1830
N4N19,2019-06-17,39.67,39.67,39.67,39.67,0,1830
N4N19,2019-06-18,38.88,38.88,38.88,38.88,150,1830
N4N19,2019-06-19,38.02,38.02,38.02,38.02,60,1890
N4N19,2019-06-20,37.74,37.74,37.74,37.74,0,1890
N4N19,2019-06-21,38.37,38.37,38.37,38.37,0,1890
N4N19,2019-06-24,38.7,38.7,38.7,38.7,60,1950
N4N19,2019-06-25,37.59,37.59,37.59,37.59,0,1950
N4Q19,2019-06-26,38.51,38.51,38.51,38.51,30,1980
N4Q19,2019-06-27,37.99,37.99,37.99,37.99,60,1915
N4Q19,2019-06-28,37.63,37.63,37.63,37.63,60,1975
N4Q19,2019-07-01,38.35,38.35,38.35,38.35,30,1975
N4Q19,2019-07-02,37.82,37.82,37.82,37.82,0,1975
N4Q19,2019-07-03,37.96,37.96,37.96,37.96,0,1975
N4Q19,2019-07-04,38.47,38.47,38.47,38.47,0,1975
N4Q19,2019-07-05,40.2,40.2,40.2,40.2,5,1980
N4Q19,2019-07-08,41.67,41.67,41.67,41.67,0,1980
N4Q19,2019-07-09,41.25,41.25,41.25,41.25,90,2070
N4Q19,2019-07-10,43.14,43.14,43.14,43.14,0,2070
N4Q19,2019-07-11,44.46,44.46,44.46,44.46,0,2070
N4Q19,2019-07-12,45.59,45.59,45.59,45.59,0,2070
N4Q19,2019-07-15,44.66,44.66,44.66,44.66,60,2130
N4Q19,2019-07-16,42.42,42.42,42.42,42.42,0,2130
N4Q19,2019-07-17,41.64,41.64,41.64,41.64,0,2130
N4Q19,2019-07-18,40.62,40.62,40.62,40.62,12,2142
N4Q19,2019-07-19,40.62,40.62,40.62,40.62,12,2154
N4Q19,2019-07-22,39.75,39.75,39.75,39.75,0,2154
N4Q19,2019-07-23,41.28,41.28,41.28,41.28,0,2154
N4Q19,2019-07-24,40.3,40.3,39.98,39.98,35,2189
N4Q19,2019-07-25,40.16,40.16,40.16,40.16,0,2189
N4Q19,2019-07-26,39.78,39.78,39.78,39.78,60,2189
N4Q19,2019-07-29,39.64,39.64,39.64,39.64,0,2189
N4U19,2019-07-30,41.06,41.06,41.06,41.06,0,2059
N4U19,2019-07-31,41.99,41.99,41.99,41.99,0,2059
N4U19,2019-08-01,45.15,45.15,45.15,45.15,30,2089
N4U19,2019-08-02,44.53,44.53,44.53,44.53,30,2119
N4U19,2019-08-05,43.46,43.46,43.46,43.46,0,2119
N4U19,2019-08-06,42.42,42.42,42.42,42.42,0,2119
N4U19,2019-08-07,43.19,43.19,43.19,43.19,0,2119
N4U19,2019-08-08,44.65,44.65,44.65,44.65,30,2149
N4U19,2019-08-09,44.78,44.78,44.78,44.78,0,2149
N4U19,2019-08-12,43.29,43.29,43.29,43.29,90,2239
N4U19,2019-08-13,43.98,43.98,43.98,43.98,60,2299
N4U19,2019-08-14,42.69,42.69,42.69,42.69,30,2299
N4U19,2019-08-15,42.16,42.16,42.16,42.16,0,2299
N4U19,2019-08-16,41.56,41.56,41.56,41.56,0,2299
N4U19,2019-08-19,41.31,41.31,41.31,41.31,0,2299
N4U19,2019-08-20,42.06,42.06,42.06,42.06,0,2299
N4U19,2019-08-21,42.42,42.42,42.42,42.42,54,2353
N4U19,2019-08-22,41.22,41.22,41.22,41.22,0,2353
N4U19,2019-08-23,40.37,40.37,40.37,40.37,0,2353
N4U19,2019-08-26,40.37,40.37,40.37,40.37,0,2353
N4U19,2019-08-27,39.51,39.51,39.51,39.51,0,2353
N4U19,2019-08-28,40.03,40.03,40.03,40.03,0,2353
N4V19,2019-08-29,42.49,42.49,42.49,42.49,0,2253
N4V19,2019-08-30,42.27,42.27,42.27,42.27,0,2253
N4V19,2019-09-02,40.45,40.45,40.45,40.45,12,2265
N4V19,2019-09-03,40.79,40.79,40.79,40.79,0,2265
N4V19,2019-09-04,40.88,40.88,40.88,40.88,0,2265
N4V19,2019-09-05,41.15,41.15,41.15,41.15,0,2265
N4V19,2019-09-06,41.18,41.18,41.18,41.18,0,2265
N4V19,2019-09-09,41.07,41.07,41.07,41.07,30,2244
N4V19,2019-09-10,46.07,46.07,46.07,46.07,0,2244
N4V19,2019-09-11,45.72,45.72,45.72,45.72,0,2244
N4V19,2019-09-12,46.43,46.43,46.43,46.43,0,2244
N4V19,2019-09-13,46.5,46.5,46.5,46.5,0,2244
N4V19,2019-09-16,47.63,47.63,47.63,47.63,6,2250
N4V19,2019-09-17,44.38,44.38,44.38,44.38,0,2250
N4V19,2019-09-18,42.18,42.18,42.18,42.18,0,2250
N4V19,2019-09-19,42.1,42.1,42.1,42.1,0,2250
N4V19,2019-09-20,42.79,42.79,42.79,42.79,0,2250
N4V19,2019-09-23,41.91,41.91,41.91,41.91,0,2250
N4V19,2019-09-24,42,42.01,42,42.01,10,2250
N4V19,2019-09-25,41.09,41.09,41.09,41.09,0,2250
N4V19,2019-09-26,41.1,41.21,41.1,41.21,1,2251
N4X19,2019-09-27,51.39,51.39,51.39,51.39,0,2068
N4X19,2019-09-30,50.28,50.28,50.28,50.28,0,2068
N4X19,2019-10-01,51.13,51.13,51.13,51.13,0,2068
N4X19,2019-10-02,49.36,49.36,49.36,49.36,0,2068
N4X19,2019-10-03,49.01,49.01,49.01,49.01,0,2068
N4X19,2019-10-04,48.62,48.62,48.62,48.62,0,2068
N4X19,2019-10-07,48.17,48.17,48.17,48.17,0,2068
N4X19,2019-10-08,48.49,48.49,48.49,48.49,0,2068
N4X19,2019-10-09,48.46,48.46,48.46,48.46,0,2068
N4X19,2019-10-10,48.99,48.99,48.99,48.99,0,2068
N4X19,2019-10-11,48.95,48.95,48.95,48.95,0,2068
N4X19,2019-10-14,49.18,49.18,49.18,49.18,0,2068
N4X19,2019-10-15,49.38,49.38,49.38,49.38,60,2128
N4X19,2019-10-16,49.55,49.55,49.55,49.55,0,2128
N4X19,2019-10-17,49.16,49.16,49.16,49.16,0,2128
N4X19,2019-10-18,49.13,49.13,49.13,49.13,0,2128
N4X19,2019-10-21,48.27,48.27,48.27,48.27,0,2128
N4X19,2019-10-22,48.42,48.42,48.42,48.42,0,2128
N4Z19,2019-10-23,49.66,49.66,49.66,49.66,0,2128
N4Z19,2019-10-24,50.01,50.45,50.01,50.01,0,2128
N4Z19,2019-10-25,49.42,49.42,49.42,49.42,0,2128
N4Z19,2019-10-28,48.84,48.84,48.84,48.84,0,2128
N4Z19,2019-10-29,48.44,48.44,48.44,48.44,0,2128
N4Z19,2019-10-30,48.86,48.86,48.86,48.86,0,1946
N4Z19,2019-10-31,48.94,48.94,48.94,48.94,0,1946
N4Z19,2019-11-01,48.96,48.96,48.96,48.96,0,1946
N4Z19,2019-11-04,49.58,49.58,49.58,49.58,0,1946
N4Z19,2019-11-05,49.97,49.97,49.97,49.97,30,1976
N4Z19,2019-11-06,48.79,48.79,48.79,48.79,6,1976
N4Z19,2019-11-07,48.61,48.61,48.61,48.61,0,1976
N4Z19,2019-11-08,48.1,48.1,48.1,48.1,54,1976
N4Z19,2019-11-11,47.85,47.85,47.85,47.85,0,1976
N4Z19,2019-11-12,47.04,47.04,47.04,47.04,0,1976
N4Z19,2019-11-13,46.83,46.83,46.83,46.83,0,1976
N4Z19,2019-11-14,47.02,47.02,47.02,47.02,0,1976
N4Z19,2019-11-15,47.02,47.02,47.02,47.02,0,1976
N4Z19,2019-11-18,45.91,45.91,45.91,45.91,0,1976
N4Z19,2019-11-19,46,46,46,46,0,1976
N4Z19,2019-11-20,46.52,46.52,46.52,46.52,0,1976
N4F20,2019-11-21,49.99,49.99,49.99,49.99,0,1976
N4F20,2019-11-22,50.71,50.71,50.71,50.71,0,1976
N4F20,2019-11-25,50.13,50.13,50.13,50.13,0,1976
N4F20,2019-11-26,49.6,49.6,49.6,49.6,0,1976
N4F20,2019-11-27,50.26,50.26,50.26,50.26,0,1976
N4F20,2019-11-28,49.66,49.66,49.66,49.66,0,1794
N4F20,2019-11-29,49.7,49.7,49.7,49.7,0,1794
N4F20,2019-12-02,48.49,48.49,48.49,48.49,0,1794
N4F20,2019-12-03,48.35,48.35,48.35,48.35,0,1794
N4F20,2019-12-04,48.27,48.27,48.27,48.27,0,1794
N4F20,2019-12-05,47.63,47.63,47.63,47.63,0,1794
N4F20,2019-12-06,46.8,46.8,46.8,46.8,0,1794
N4F20,2019-12-09,46.15,46.15,46.15,46.15,0,1794
N4F20,2019-12-10,45.46,45.46,45.46,45.46,0,1794
N4F20,2019-12-11,44.88,44.88,44.88,44.88,0,1794
N4F20,2019-12-12,45.81,45.81,45.81,45.81,0,1794
N4F20,2019-12-13,43.8,43.8,43.8,43.8,0,1794
N4F20,2019-12-16,43.82,43.82,43.82,43.82,0,1794
N4F20,2019-12-17,45.6,45.6,45.6,45.6,120,1914
N4F20,2019-12-18,46.78,46.78,46.78,46.78,90,2004
N4F20,2019-12-19,46.83,46.83,46.83,46.83,240,2094
N4F20,2019-12-20,45.57,45.57,45.57,45.57,0,2094
N4F20,2019-12-23,44.03,44.03,44.03,44.03,0,2094
N4F20,2019-12-24,42.85,42.85,42.85,42.85,0,2094
N4F20,2019-12-26,42.85,42.85,42.85,42.85,0,2094
N4F20,2019-12-27,42.78,42.78,42.78,42.78,0,2094
N4G20,2019-12-30,42.14,42.14,42.14,42.14,0,1890
N4G20,2019-12-31,41.45,41.45,41.45,41.45,30,1920
N4G20,2020-01-02,40.61,40.61,40.61,40.61,0,1920
N4G20,2020-01-03,41.99,41.99,41.99,41.99,24,1908
N4G20,2020-01-06,40.38,40.38,40.38,40.38,0,1908
N4G20,2020-01-07,39.55,39.55,39.55,39.55,0,1908
N4G20,2020-01-08,39.37,39.37,39.37,39.37,60,1908
N4G20,2020-01-09,39.94,39.94,39.94,39.94,0,1908
N4G20,2020-01-10,39.56,39.56,39.56,39.56,0,1908
N4G20,2020-01-13,40.13,40.13,40.13,40.13,30,1938
N4G20,2020-01-14,38.54,38.54,38.54,38.54,0,1938
N4G20,2020-01-15,38.4,38.4,38.4,38.4,0,1938
N4G20,2020-01-16,38.3,38.3,38.3,38.3,30,1968
N4G20,2020-01-17,38.21,38.21,38.21,38.21,60,1938
N4G20,2020-01-20,37.33,37.33,37.33,37.33,18,1956
N4G20,2020-01-21,37.4,37.4,37.4,37.4,36,1992
N4G20,2020-01-22,36.84,36.84,36.84,36.84,18,2010
N4G20,2020-01-23,36.54,36.54,36.54,36.54,0,2010
N4G20,2020-01-24,37.01,37.01,37.01,37.01,0,2010
N4H20,2020-01-27,35.86,35.86,35.86,35.86,76,2050
N4H20,2020-01-28,36.5,36.5,36.5,36.5,0,2050
N4H20,2020-01-29,35.26,35.26,35.26,35.26,18,2068
N4H20,2020-01-30,34.58,34.58,34.58,34.58,0,1835
N4H20,2020-01-31,34.24,34.24,34.24,34.24,0,1835
N4H20,2020-02-03,32.78,32.78,32.78,32.78,0,1835
N4H20,2020-02-04,33.09,33.09,33.09,33.09,0,1835
N4H20,2020-02-05,32.92,32.92,32.92,32.92,0,1835
N4H20,2020-02-06,32.79,32.79,32.79,32.79,0,1835
N4H20,2020-02-07,32.5,32.5,32.5,32.5,36,1871
N4H20,2020-02-10,31.4,31.4,31.4,31.4,36,1907
N4H20,2020-02-11,31.28,31.28,31.28,31.28,0,1907
N4H20,2020-02-12,31.59,31.59,31.59,31.59,0,1907
N4H20,2020-02-13,31.64,31.64,31.64,31.64,0,1907
N4H20,2020-02-14,31.97,31.97,31.97,31.97,0,1907
N4H20,2020-02-17,32.75,32.75,32.75,32.75,0,1907
N4H20,2020-02-18,32.67,32.67,32.67,32.67,0,1907
N4H20,2020-02-19,33.53,33.53,33.53,33.53,18,1916
N4J20,2020-02-20,33.49,33.49,33.49,33.49,0,1916
N4J20,2020-02-21,33.26,33.26,33.26,33.26,0,1916
N4J20,2020-02-24,32.42,32.42,32.42,32.42,0,1916
N4J20,2020-02-25,32.02,32.02,32.02,32.02,0,1916
N4J20,2020-02-26,32.43,32.43,32.43,32.43,0,1916
N4J20,2020-02-27,32.32,32.32,32.32,32.32,18,1701
N4J20,2020-02-28,32.6,32.6,32.6,32.6,54,1746
N4J20,2020-03-02,32.97,32.97,32.97,32.97,54,1800
N4J20,2020-03-03,33.45,33.45,33.45,33.45,18,1800
N4J20,2020-03-04,33.22,33.22,33.22,33.22,0,1800
N4J20,2020-03-05,32.96,32.96,32.96,32.96,72,1872
N4J20,2020-03-06,32.68,32.68,32.68,32.68,0,1872
N4J20,2020-03-09,32.39,32.39,32.39,32.39,0,1872
N4J20,2020-03-10,33.61,33.61,33.61,33.61,0,1872
N4J20,2020-03-11,34.37,34.37,34.37,34.37,0,1872
N4J20,2020-03-12,34.17,34.17,34.17,34.17,0,1872
N4J20,2020-03-13,34.11,34.11,34.11,34.11,0,1872
N4J20,2020-03-16,32.68,32.68,32.68,32.68,84,1788
N4J20,2020-03-17,31.62,31.62,31.62,31.62,0,1788
N4J20,2020-03-18,30.3,30.3,30.3,30.3,0,1788
N4J20,2020-03-19,31.16,31.16,31.16,31.16,0,1788
N4J20,2020-03-20,30.1,30.1,30.1,30.1,0,1788
N4J20,2020-03-23,29.36,29.36,29.36,29.36,0,1788
N4J20,2020-03-24,29.13,29.13,29.13,29.13,0,1788
N4J20,2020-03-25,28.26,28.26,28.26,28.26,0,1788
N4K20,2020-03-26,27.14,27.14,27.14,27.14,36,1788
N4K20,2020-03-27,25.91,25.91,25.91,25.91,0,1788
N4K20,2020-03-30,24.86,24.86,24.86,24.86,0,1691
N4K20,2020-03-31,24.63,24.63,24.63,24.63,0,1691
N4K20,2020-04-01,24.33,24.33,24.33,24.33,0,1691
N4K20,2020-04-02,24.77,24.77,24.77,24.77,0,1691
N4K20,2020-04-03,24.7,24.7,24.7,24.7,0,1691
N4K20,2020-04-06,25.7,25.7,25.7,25.7,0,1691
N4K20,2020-04-07,26.91,26.91,26.91,26.91,0,1691
N4K20,2020-04-08,26.76,26.76,26.76,26.76,0,1691
N4K20,2020-04-09,27,27,26.95,26.95,3,1688
N4K20,2020-04-13,26.95,26.95,26.95,26.95,0,1688
N4K20,2020-04-14,25.5,25.69,25.5,25.69,9,1679
N4K20,2020-04-15,24.98,24.98,24.98,24.98,18,1697
N4K20,2020-04-16,25.75,25.75,25.75,25.75,6,1691
N4K20,2020-04-17,26.09,26.09,26.09,26.09,0,1691
N4K20,2020-04-20,25,25,25,25,0,1691
N4M20,2020-04-21,26.92,26.92,26.92,26.92,0,1691
N4M20,2020-04-22,27.03,27.03,27.03,27.03,18,1709
N4M20,2020-04-23,26.23,26.23,26.23,26.23,0,1709
N4M20,2020-04-24,25.91,25.91,25.91,25.91,18,1727
N4M20,2020-04-27,26.18,26.18,26.18,26.18,0,1727
N4M20,2020-04-28,26.4,26.4,26.4,26.4,36,1763
N4M20,2020-04-29,26.18,26.18,26.18,26.18,18,1702
N4M20,2020-04-30,25.76,25.76,25.76,25.76,0,1702
N4M20,2020-05-01,25.24,25.24,25.24,25.24,0,1702
N4M20,2020-05-04,25.03,25.03,25.03,25.03,0,1702
N4M20,2020-05-05,25.04,25.04,25.04,25.04,45,1684
N4M20,2020-05-06,25.29,25.29,25.29,25.29,0,1684
N4M20,2020-05-07,25.72,25.72,25.72,25.72,0,1684
N4M20,2020-05-08,25.72,25.72,25.72,25.72,0,1684
N4M20,2020-05-11,25.43,25.43,25.43,25.43,0,1684
N4M20,2020-05-12,25,25,24.81,24.81,51,1720
N4M20,2020-05-13,24.74,24.74,24.74,24.74,0,1720
N4M20,2020-05-14,25.11,25.11,25.11,25.11,0,1720
N4M20,2020-05-15,25.3,25.3,25.3,25.3,18,1738
N4M20,2020-05-18,24.99,24.99,24.99,24.99,0,1738
N4M20,2020-05-19,25.05,25.05,25.05,25.05,0,1738
N4M20,2020-05-20,25.15,25.15,25.15,25.15,0,1738
N4M20,2020-05-21,24.63,24.63,24.63,24.63,0,1738
N4M20,2020-05-22,24,24,24,24,18,1756
N4M20,2020-05-25,24,24,24,24,0,1756
N4M20,2020-05-26,24.78,24.78,24.78,24.78,0,1756
N4N20,2020-05-27,24.99,24.99,24.99,24.99,15,1756
N4N20,2020-05-28,24.59,24.59,24.59,24.59,0,1659
N4N20,2020-05-29,25.19,25.19,25.19,25.19,0,1659
N4N20,2020-06-01,24.55,24.55,24.55,24.55,0,1659
N4N20,2020-06-02,25.62,25.62,25.62,25.62,0,1659
N4N20,2020-06-03,26.81,26.81,26.81,26.81,18,1677
N4N20,2020-06-04,27.14,27.14,27.14,27.14,0,1677
N4N20,2020-06-05,28.12,28.12,28.12,28.12,0,1677
N4N20,2020-06-08,27.41,27.41,27.41,27.41,0,1677
N4N20,2020-06-09,26.75,26.75,26.75,26.75,15,1692
N4N20,2020-06-10,26.88,26.88,26.88,26.88,0,1692
N4N20,2020-06-11,27.21,27.21,27.21,27.21,0,1692
N4N20,2020-06-12,27.87,27.87,27.87,27.87,0,1692
N4N20,2020-06-15,28.26,28.26,28.26,28.26,0,1692
N4N20,2020-06-16,28.25,28.25,28.25,28.25,0,1692
N4N20,2020-06-17,28.21,28.21,28.21,28.21,0,1692
N4N20,2020-06-18,29.19,29.19,29.19,29.19,0,1692
N4N20,2020-06-19,29.94,29.94,29.94,29.94,0,1692
N4Q20,2020-06-22,30.55,30.55,30.55,30.55,0,1692
N4Q20,2020-06-23,32.1,32.1,32.1,32.1,0,1692
N4Q20,2020-06-24,32.06,32.06,32.06,32.06,72,1764
N4Q20,2020-06-25,31.27,31.27,31.27,31.27,0,1764
N4Q20,2020-06-26,31.48,31.48,31.48,31.48,90,1746
N4Q20,2020-06-29,33.17,33.17,33.17,33.17,48,1676
N4Q20,2020-06-30,33.26,33.26,33.26,33.26,0,1676
N4Q20,2020-07-01,32.8,32.8,32.8,32.8,0,1676
N4Q20,2020-07-02,32.38,32.38,32.38,32.38,0,1676
N4Q20,2020-07-03,32.25,32.25,32.25,32.25,0,1676
N4Q20,2020-07-06,33.08,33.08,33.08,33.08,18,1658
N4Q20,2020-07-07,33.61,33.61,33.61,33.61,36,1694
N4Q20,2020-07-08,33.04,33.04,33.04,33.04,18,1712
N4Q20,2020-07-09,32.6,32.6,32.6,32.6,0,1712
N4Q20,2020-07-10,31.52,31.52,31.52,31.52,0,1712
N4Q20,2020-07-13,31.7,31.7,30.77,30.77,51,1691
N4Q20,2020-07-14,31,31,31,31,0,1691
N4Q20,2020-07-15,31.45,31.45,31.45,31.45,0,1691
N4Q20,2020-07-16,29.98,29.98,29.98,29.98,0,1691
N4Q20,2020-07-17,30.6,30.6,30.6,30.6,0,1691
N4Q20,2020-07-20,29.37,29.37,29.37,29.37,0,1691
N4Q20,2020-07-21,29.62,29.62,29.62,29.62,0,1691
N4Q20,2020-07-22,29.95,29.95,29.95,29.95,0,1691
N4Q20,2020-07-23,30.4,30.4,30.4,30.4,1263,2948
N4Q20,2020-07-24,29.9,29.9,29.9,29.9,0,2948
N4Q20,2020-07-27,29.75,29.75,29.36,29.36,3,2948
N4U20,2020-07-28,32.42,32.42,32.42,32.42,150,3039
N4U20,2020-07-29,33.3,33.3,33.07,33.07,159,3154
N4U20,2020-07-30,33.03,33.03,33.03,33.03,0,3032
N4U20,2020-07-31,33.57,33.57,33.57,33.57,0,3032
N4U20,2020-08-03,34.52,34.52,34.52,34.52,0,3032
N4U20,2020-08-04,35.39,35.39,35.39,35.39,0,3032
N4U20,2020-08-05,36.54,36.54,36.54,36.54,18,3050
N4U20,2020-08-06,37.86,37.86,37.86,37.86,0,3050
N4U20,2020-08-07,38.78,38.78,38.78,38.78,18,3068
N4U20,2020-08-10,38.18,38.18,38.18,38.18,18,3086
N4U20,2020-08-11,37.59,37.59,37.59,37.59,54,3104
N4U20,2020-08-12,36.63,36.63,36.63,36.63,0,3104
N4U20,2020-08-13,36.45,36.45,36.45,36.45,0,3104
N4U20,2020-08-14,36.2,37.4,36.2,37.4,120,3117
N4V20,2020-08-17,38.66,38.66,38.66,38.66,0,3117
N4V20,2020-08-18,39.92,39.92,39.92,39.92,30,3147
N4V20,2020-08-19,39.64,39.64,39.64,39.64,81,3120
N4V20,2020-08-20,39.39,39.39,39.39,39.39,27,3111
N4V20,2020-08-21,38.49,38.49,38.49,38.49,0,3111
N4V20,2020-08-24,40.06,40.06,40.06,40.06,0,3111
N4V20,2020-08-25,41.54,41.54,41.54,41.54,0,3111
N4V20,2020-08-26,42.49,42.49,42.49,42.49,0,3111
N4V20,2020-08-27,41.66,41.66,41.66,41.66,36,2964
N4V20,2020-08-28,43.62,43.62,43.62,43.62,0,2964
N4V20,2020-08-31,43.62,43.62,43.62,43.62,0,2964
N4V20,2020-09-01,43.26,43.26,43.26,43.26,18,2982
N4V20,2020-09-02,42.99,42.99,42.99,42.99,18,3000
N4V20,2020-09-03,43.62,43.62,43.62,43.62,27,3027
N4V20,2020-09-04,43.87,43.87,43.87,43.87,18,3045
N4V20,2020-09-07,42.6,42.6,42.6,42.6,0,3045
N4V20,2020-09-08,41.98,41.98,41.98,41.98,0,3045
N4V20,2020-09-09,41.95,41.95,41.95,41.95,0,3045
N4V20,2020-09-10,42.16,42.16,42.16,42.16,0,3045
N4V20,2020-09-11,42.04,42.04,42.04,42.04,0,3045
N4V20,2020-09-14,42.85,42.85,42.85,42.85,0,3045
N4V20,2020-09-15,43.64,43.64,43.64,43.64,0,3045
N4V20,2020-09-16,43.67,43.67,43.67,43.67,0,3045
N4V20,2020-09-17,43.1,43.1,43.1,43.1,0,3045
N4V20,2020-09-18,43.03,43.03,43.03,43.03,0,3045
N4V20,2020-09-21,43.5,43.5,42.75,42.75,33,3069
N4V20,2020-09-22,42.25,43.12,42.25,43.12,18,3051
N4V20,2020-09-23,43.71,43.71,43.71,43.71,0,3051
N4V20,2020-09-24,42.96,42.96,42.96,42.96,0,3051
N4V20,2020-09-25,42.92,42.92,42.92,42.92,18,3033
N4X20,2020-09-28,53.46,53.46,53.46,53.46,3,3036
N4X20,2020-09-29,53.21,53.21,53.21,53.21,0,2891
N4X20,2020-09-30,52.44,52.44,52.44,52.44,0,2891
N4X20,2020-10-01,51.36,51.36,51.36,51.36,540,3431
N4X20,2020-10-02,49.79,49.79,49.79,49.79,0,3431
N4X20,2020-10-05,50.46,50.46,50.46,50.46,270,3701
N4X20,2020-10-06,49.53,49.53,49.53,49.53,0,3701
N4X20,2020-10-07,50.21,50.21,50.21,50.21,0,3701
N4X20,2020-10-08,50.2,50.2,50.2,50.2,0,3701
N4X20,2020-10-09,49.83,49.83,49.83,49.83,0,3701
N4X20,2020-10-12,49.09,49.09,49.09,49.09,0,3701
N4X20,2020-10-13,48.51,48.51,48.51,48.51,0,3701
N4X20,2020-10-14,49.39,49.39,49.39,49.39,0,3701
N4X20,2020-10-15,49.39,49.39,49.39,49.39,0,3701
N4X20,2020-10-16,50.24,50.24,50.24,50.24,0,3701
N4X20,2020-10-19,49.44,49.44,49.44,49.44,0,3701
N4X20,2020-10-20,49.6,49.6,49.6,49.6,0,3701
N4X20,2020-10-21,48.73,48.73,48.73,48.73,0,3701
N4X20,2020-10-22,50.28,50.28,50.28,50.28,0,3701
N4X20,2020-10-23,51.02,51.02,51.02,51.02,0,3701
N4X20,2020-10-26,49.82,49.82,49.82,49.82,0,3701
N4X20,2020-10-27,49.25,49.26,49.25,49.26,3,3704
N4Z20,2020-10-28,48.71,48.71,48.71,48.71,6,3707
N4Z20,2020-10-29,48.4,48.4,48.4,48.4,0,3580
N4Z20,2020-10-30,48.03,48.03,48.03,48.03,0,3580
N4Z20,2020-11-02,46.58,46.58,46.58,46.58,0,3580
N4Z20,2020-11-03,46.56,46.56,46.56,46.56,18,3562
N4Z20,2020-11-04,46.68,46.68,46.68,46.68,0,3562
N4Z20,2020-11-05,48,48.04,48,48.04,57,3601
N4Z20,2020-11-06,46.98,46.98,46.98,46.98,0,3601
N4Z20,2020-11-09,46.91,46.91,46.91,46.91,0,3601
N4Z20,2020-11-10,46.27,46.27,46.27,46.27,0,3601
N4Z20,2020-11-11,46.53,46.53,46.53,46.53,0,3601
N4Z20,2020-11-12,46.22,46.22,46.22,46.22,0,3601
N4Z20,2020-11-13,46.41,46.41,46.41,46.41,0,3601
N4Z20,2020-11-16,47.26,47.26,47.26,47.26,18,3601
N4Z20,2020-11-17,46.1,46.1,46.1,46.1,0,3601
N4Z20,2020-11-18,45.3,45.3,45.3,45.3,0,3601
N4Z20,2020-11-19,44.3,44.3,44.3,44.3,0,3601
N4Z20,2020-11-20,43.5,43.5,43.09,43.09,39,3640
N4Z20,2020-11-23,45.27,45.27,45.27,45.27,9,3649
N4Z20,2020-11-24,46.03,46.03,46.03,46.03,36,3685
N4Z20,2020-11-25,47.31,47.31,47.31,47.31,45,3730
N4F21,2020-11-26,51.39,51.39,51.39,51.39,21,3742
N4F21,2020-11-27,52.5,52.5,52.5,52.5,9,3612
N4F21,2020-11-30,54.21,54.21,54.21,54.21,36,3648
N4F21,2020-12-01,53.64,53.64,53.64,53.64,27,3657
N4F21,2020-12-02,54.02,54.02,54.02,54.02,0,3657
N4F21,2020-12-03,53.11,53.11,53.11,53.11,0,3657
N4F21,2020-12-04,54.53,54.53,54.53,54.53,0,3657
N4F21,2020-12-07,53.97,53.97,53.97,53.97,0,3657
N4F21,2020-12-08,54.2,54.2,53.8,53.8,9,3666
N4F21,2020-12-09,54.18,54.18,54.18,54.18,0,3666
N4F21,2020-12-10,56.43,56.43,56.43,56.43,36,3684
N4F21,2020-12-11,56.45,56.45,56.45,56.45,0,3684
N4F21,2020-12-14,57.82,57.82,57.82,57.82,48,3732
N4F21,2020-12-15,59.74,59.74,59.74,59.74,108,3840
N4F21,2020-12-16,58.25,58.25,58.25,58.25,0,3840
N4F21,2020-12-17,57.52,57.52,57.52,57.52,0,3840
N4F21,2020-12-18,57.56,57.56,57.56,57.56,0,3840
N4F21,2020-12-21,59.57,59.57,59.57,59.57,0,3840
N4F21,2020-12-22,62.29,62.29,62.29,62.29,30,3870
N4G21,2020-12-23,61.97,61.97,61.97,61.97,0,3870
N4G21,2020-12-24,62.15,62.15,62.15,62.15,0,3870
N4G21,2020-12-28,62.15,62.15,62.15,62.15,0,3870
N4G21,2020-12-29,65.55,65.55,65.55,65.55,0,3870
N4G21,2020-12-30,65.19,65.19,65.19,65.19,0,3730
N4G21,2020-12-31,65.7,65.7,65.7,65.7,0,3730
N4G21,2021-01-04,67.81,67.81,67.81,67.81,0,3730
N4G21,2021-01-05,63.71,63.71,63.71,63.71,0,3730
N4G21,2021-01-06,63.51,63.51,63.51,63.51,0,3730
N4G21,2021-01-07,67.57,67.57,67.57,67.57,0,3730
N4G21,2021-01-08,70.47,70.47,70.47,70.47,5,3735
N4G21,2021-01-11,74.35,74.35,74.35,74.35,18,3753
N4G21,2021-01-12,84.99,84.99,84.99,84.99,0,3753
N4G21,2021-01-13,77.25,77.25,77.25,77.25,0,3753
N4G21,2021-01-14,74.16,74.16,74.16,74.16,0,3753
N4G21,2021-01-15,70.64,70.64,70.64,70.64,0,3753
N4G21,2021-01-18,68.2,68.2,68.2,68.2,0,3753
N4G21,2021-01-19,68.13,68.13,68.13,68.13,0,3753
N4G21,2021-01-20,66.83,66.83,66.83,66.83,0,3753
N4H21,2021-01-21,60.32,60.32,60.32,60.32,0,3753
N4H21,2021-01-22,62.89,62.89,62.89,62.89,60,3813
N4H21,2021-01-25,60.44,60.44,60.44,60.44,0,3813
N4H21,2021-01-26,59.07,59.07,59.07,59.07,0,3813
N4H21,2021-01-27,58.88,58.88,58.88,58.88,0,3813
N4H21,2021-01-28,61.65,61.65,61.65,61.65,0,3682
N4H21,2021-01-29,60.59,60.59,60.59,60.59,0,3682
N4H21,2021-02-01,56.62,56.62,56.62,56.62,0,3682
N4H21,2021-02-02,57.03,57.03,57.03,57.03,0,3682
N4H21,2021-02-03,56.86,56.86,56.86,56.86,60,3742
N4H21,2021-02-04,56.8,56.8,56.8,56.8,0,3742
N4H21,2021-02-05,58.06,58.06,58.06,58.06,0,3742
N4H21,2021-02-08,61.35,61.35,61.35,61.35,0,3742
N4H21,2021-02-09,59.54,59.54,59.54,59.54,0,3742
N4H21,2021-02-10,58.33,58.33,58.33,58.33,0,3742
N4H21,2021-02-11,55.79,55.79,55.79,55.79,0,3742
N4H21,2021-02-12,55.95,55.95,55.95,55.95,0,3742
N4H21,2021-02-15,53.54,53.54,53.54,53.54,0,3742
N4H21,2021-02-16,53.38,53.38,53.38,53.38,0,3742
N4H21,2021-02-17,52.73,52.73,52.73,52.73,0,3742
N4H21,2021-02-18,54.26,54.26,54.26,54.26,0,3742
N4H21,2021-02-19,53.1,53.1,53.1,53.1,0,3742
N4H21,2021-02-22,51.82,51.82,51.82,51.82,120,3742
N4H21,2021-02-23,52.1,52.44,52.1,52.44,39,3713
N4J21,2021-02-24,52.38,52.38,52.38,52.38,125,3713
N4J21,2021-02-25,51.7,51.7,51.7,51.7,1065,3588
N4J21,2021-02-26,51.29,51.29,51.29,51.29,0,3588
N4J21,2021-03-01,51.6,51.6,51.6,51.6,0,3588
N4J21,2021-03-02,51.8,51.8,51.8,51.8,0,3588
N4J21,2021-03-03,50.43,50.43,50.43,50.43,0,3588
N4J21,2021-03-04,51.08,51.08,51.08,51.08,0,3588
N4J21,2021-03-05,52.56,52.56,52.56,52.56,0,3588
N4J21,2021-03-08,51.89,51.89,51.89,51.89,0,3588
N4J21,2021-03-09,53.77,53.77,53.77,53.77,0,3588
N4J21,2021-03-10,55.88,55.88,55.88,55.88,60,3648
N4J21,2021-03-11,56.89,56.89,56.89,56.89,0,3648
N4J21,2021-03-12,57.72,57.72,57.72,57.72,0,3648
N4J21,2021-03-15,56.45,56.45,56.45,56.45,0,3648
N4J21,2021-03-16,55.01,55.01,55.01,55.01,18,3630
N4J21,2021-03-17,56.26,56.26,56.26,56.26,0,3630
N4J21,2021-03-18,55.49,55.49,55.49,55.49,0,3630
N4J21,2021-03-19,54.6,54.6,54.6,54.6,0,3630
N4J21,2021-03-22,56.33,56.33,56.33,56.33,0,3630
N4J21,2021-03-23,56.38,56.38,56.38,56.38,0,3630
N4J21,2021-03-24,56,56.78,56,56.78,18,3612
N4J21,2021-03-25,56.21,56.21,56.21,56.21,0,3612
N4J21,2021-03-26,57.21,57.21,57.21,57.21,0,3612
N4K21,2021-03-29,54.56,54.56,54.56,54.56,9,3603
N4K21,2021-03-30,55.3,55.3,55.3,55.3,0,3518
N4K21,2021-03-31,55.97,55.97,55.97,55.97,0,3518
N4K21,2021-04-01,56.22,56.22,56.22,56.22,0,3518
N4K21,2021-04-05,56.22,56.22,56.22,56.22,0,3518
N4K21,2021-04-06,57.73,57.73,57.73,57.73,0,3518
N4K21,2021-04-07,57.29,57.29,57.29,57.29,0,3518
N4K21,2021-04-08,56.8,56.8,56.8,56.8,0,3518
N4K21,2021-04-09,56.64,56.64,56.64,56.64,0,3518
N4K21,2021-04-12,58.72,58.72,58.72,58.72,0,3518
N4K21,2021-04-13,58.32,58.32,58.32,58.32,0,3518
N4K21,2021-04-14,58.66,58.66,58.66,58.66,0,3518
N4K21,2021-04-15,59.64,59.64,59.64,59.64,60,3518
N4K21,2021-04-16,60.67,60.67,60.67,60.67,60,3518
N4K21,2021-04-19,61.6,61.6,61.6,61.6,0,3518
N4K21,2021-04-20,61,62.02,61,62.02,27,3491
N4K21,2021-04-21,62.5,62.5,62.5,62.5,0,3491
N4M21,2021-04-22,64.86,64.86,64.86,64.86,0,3491
N4M21,2021-04-23,62.61,62.61,62.61,62.61,0,3491
N4M21,2021-04-26,64.05,64.05,64.05,64.05,0,3491
N4M21,2021-04-27,66.63,66.63,66.63,66.63,0,3491
N4M21,2021-04-28,66.24,66.24,66.24,66.24,0,3491
N4M21,2021-04-29,68.15,68.15,68.15,68.15,0,3406
N4M21,2021-04-30,69.68,69.68,69.68,69.68,270,3676
N4M21,2021-05-03,69.68,69.68,69.68,69.68,0,3676
N4M21,2021-05-04,68.63,68.63,68.63,68.63,0,3676
N4M21,2021-05-05,69.13,69.13,69.13,69.13,0,3676
N4M21,2021-05-06,69.81,69.81,69.81,69.81,90,3766
N4M21,2021-05-07,69.62,69.62,69.62,69.62,90,3766
N4M21,2021-05-10,71.78,71.78,71.78,71.78,0,3766
N4M21,2021-05-11,72.81,72.81,72.81,72.81,0,3766
N4M21,2021-05-12,74.85,74.85,74.85,74.85,0,3766
N4M21,2021-05-13,75.48,75.48,75.48,75.48,0,3766
N4M21,2021-05-14,77.85,77.85,77.85,77.85,0,3766
N4M21,2021-05-17,76.49,76.49,76.49,76.49,0,3766
N4M21,2021-05-18,74,74,74,74,0,3766
N4M21,2021-05-19,70.18,70.18,70.18,70.18,27,3766
N4N21,2021-05-20,72.6,72.6,72.6,72.6,0,3766
N4N21,2021-05-21,73.22,73.22,73.22,73.22,0,3766
N4N21,2021-05-24,74.18,74.18,74.18,74.18,0,3766
N4N21,2021-05-25,76.61,76.61,76.61,76.61,0,3766
N4N21,2021-05-26,77.48,77.48,77.48,77.48,0,3766
N4N21,2021-05-27,74.35,74.35,74.35,74.35,0,3654
N4N21,2021-05-28,73.94,73.94,73.94,73.94,0,3654
N4N21,2021-05-31,73.94,73.94,73.94,73.94,0,3654
N4N21,2021-06-01,75.49,75.49,75.49,75.49,0,3654
N4N21,2021-06-02,73.68,73.68,73.68,73.68,0,3654
N4N21,2021-06-03,73.44,73.44,73.44,73.44,0,3654
N4N21,2021-06-04,73.25,73.25,73.25,73.25,0,3654
N4N21,2021-06-07,74.24,74.24,74.24,74.24,60,3594
N4N21,2021-06-08,76.06,76.06,76.06,76.06,12,3606
N4N21,2021-06-09,76.63,76.63,76.63,76.63,0,3606
N4N21,2021-06-10,76.64,76.64,76.64,76.64,0,3606
N4N21,2021-06-11,74.75,74.75,74.75,74.75,0,3606
N4N21,2021-06-14,77.44,77.44,77.44,77.44,0,3606
N4N21,2021-06-15,75.68,75.68,75.68,75.68,0,3606
N4N21,2021-06-16,75.6,75.6,75.6,75.6,0,3606
N4N21,2021-06-17,75.68,75.68,75.68,75.68,60,3606
N4N21,2021-06-18,77.66,77.66,77.66,77.66,87,3606
N4Q21,2021-06-21,78.26,78.26,78.26,78.26,0,3606
N4Q21,2021-06-22,79.52,79.52,79.52,79.52,6,3612
N4Q21,2021-06-23,81.98,81.98,81.98,81.98,0,3612
N4Q21,2021-06-24,83.33,83.33,83.33,83.33,0,3612
N4Q21,2021-06-25,84.25,84.25,84.25,84.25,0,3612
N4Q21,2021-06-28,84.26,84.26,84.26,84.26,0,3612
N4Q21,2021-06-29,86.59,86.59,86.59,86.59,0,3500
N4Q21,2021-06-30,88.82,88.82,88.82,88.82,0,3500
N4Q21,2021-07-01,90.89,90.89,90.89,90.89,0,3500
N4Q21,2021-07-02,91.01,91.01,91.01,91.01,0,3500
N4Q21,2021-07-05,93.44,93.44,93.44,93.44,0,3500
N4Q21,2021-07-06,85.36,85.36,85.36,85.36,0,3500
N4Q21,2021-07-07,83.05,83.05,83.05,83.05,0,3500
N4Q21,2021-07-08,85.29,85.29,85.29,85.29,0,3500
N4Q21,2021-07-09,90.54,90.54,90.54,90.54,0,3500
N4Q21,2021-07-12,86.42,86.42,86.42,86.42,0,3500
N4Q21,2021-07-13,87.85,87.85,87.85,87.85,0,3500
N4Q21,2021-07-14,86.31,86.31,86.31,86.31,0,3500
N4Q21,2021-07-15,85.36,85.36,85.36,85.36,0,3500
N4Q21,2021-07-16,87.63,87.63,87.63,87.63,0,3500
N4Q21,2021-07-19,89.8,89.8,89.8,89.8,0,3500
N4Q21,2021-07-20,88.56,88.56,88.56,88.56,0,3500
N4Q21,2021-07-21,89.91,89.91,89.91,89.91,0,3500
N4Q21,2021-07-22,89.85,89.85,89.85,89.85,0,3500
N4U21,2021-07-23,90.2,90.2,90.2,90.2,27,3500
N4U21,2021-07-26,93.2,93.2,93.2,93.2,6,3506
N4U21,2021-07-27,94.5,94.5,94.5,94.5,0,3506
N4U21,2021-07-28,98.69,98.69,98.69,98.69,0,3506
N4U21,2021-07-29,101.55,101.55,101.55,101.55,6,3400
N4U21,2021-07-30,101.55,101.55,101.55,101.55,6,3400
N4U21,2021-08-02,103.85,103.85,103.85,103.85,0,3400
N4U21,2021-08-03,102.33,102.33,102.33,102.33,0,3400
N4U21,2021-08-04,103.54,103.54,103.54,103.54,0,3400
N4U21,2021-08-05,105.28,105.28,105.28,105.28,0,3400
N4U21,2021-08-06,104.88,104.88,104.88,104.88,60,3370
N4U21,2021-08-09,105.26,105.26,105.26,105.26,450,2920
N4U21,2021-08-10,107.02,107.02,107.02,107.02,0,2920
N4U21,2021-08-11,109.5,109.5,109.5,109.5,0,2920
N4U21,2021-08-12,109.3,109.3,109.3,109.3,0,2920
N4U21,2021-08-13,107.36,107.36,107.36,107.36,0,2920
N4U21,2021-08-16,112.75,112.75,112.75,112.75,6,2926
N4U21,2021-08-17,111.25,111.25,111.25,111.25,6,2926
N4U21,2021-08-18,107,107,107,107,0,2926
N4U21,2021-08-19,99.3,99.3,99.3,99.3,54,2926
N4U21,2021-08-20,103,103,103,103,54,2926
N4V21,2021-08-23,106.21,106.21,106.21,106.21,27,2926
N4V21,2021-08-24,111.48,111.48,111.48,111.48,60,2926
N4V21,2021-08-25,111.69,111.69,111.69,111.69,0,2926
N4V21,2021-08-26,112.78,112.78,112.78,112.78,0,2926
N4V21,2021-08-27,116.79,116.79,116.79,116.79,0,2814
N4V21,2021-08-30,116.79,116.79,116.79,116.79,0,2814
N4V21,2021-08-31,121.58,121.58,121.58,121.58,0,2814
N4V21,2021-09-01,120.09,120.09,120.09,120.09,0,2814
N4V21,2021-09-02,124.33,124.33,124.33,124.33,0,2814
N4V21,2021-09-03,123.97,123.97,123.97,123.97,0,2814
N4V21,2021-09-06,126.41,126.41,126.41,126.41,0,2814
N4V21,2021-09-07,128.44,128.44,128.44,128.44,0,2814
N4V21,2021-09-08,131.89,131.89,131.89,131.89,0,2814
N4V21,2021-09-09,133.73,133.73,133.73,133.73,0,2814
N4V21,2021-09-10,136.43,136.43,136.43,136.43,0,2814
N4V21,2021-09-13,146.09,146.09,146.09,146.09,0,2814
N4V21,2021-09-14,158.81,158.81,158.81,158.81,0,2814
N4V21,2021-09-15,180.95,180.95,180.95,180.95,18,2832
N4V21,2021-09-16,159.43,159.43,159.43,159.43,0,2832
N4V21,2021-09-17,163.59,163.59,163.59,163.59,18,2832
N4V21,2021-09-20,176.47,176.47,176.47,176.47,0,2832
N4X21,2021-09-21,187.95,187.95,187.95,187.95,0,2832
N4X21,2021-09-22,191.7,191.7,191.7,191.7,12,2844
N4X21,2021-09-23,191.5,191.5,191.5,191.5,18,2862
N4X21,2021-09-24,199.3,199.3,199.3,199.3,30,2862
N4X21,2021-09-27,212.67,212.67,212.67,212.67,0,2862
N4X21,2021-09-28,222.04,222.04,222.04,222.04,0,2862
N4X21,2021-09-29,239.63,239.63,239.63,239.63,48,2852
N4X21,2021-09-30,242.73,242.73,242.73,242.73,0,2852
N4X21,2021-10-01,244.48,244.48,244.48,244.48,78,2852
N4X21,2021-10-04,248.04,248.04,248.04,248.04,0,2852
N4X21,2021-10-05,283.96,283.96,283.96,283.96,0,2852
N4X21,2021-10-06,264.89,264.89,264.89,264.89,0,2852
N4X21,2021-10-07,251.7,251.7,251.7,251.7,0,2852
N4X21,2021-10-08,230.03,230.03,230.03,230.03,213,2987
N4X21,2021-10-11,228.98,228.98,228.98,228.98,15,3002
N4X21,2021-10-12,230.23,230.23,230.23,230.23,0,3002
N4X21,2021-10-13,240.59,240.59,240.59,240.59,0,3002
N4X21,2021-10-14,255.73,255.73,255.73,255.73,0,3002
N4X21,2021-10-15,242.82,242.82,242.82,242.82,93,3002
N4X21,2021-10-18,233.4,233.4,233.4,233.4,0,3002
N4X21,2021-10-19,212.74,212.74,212.74,212.74,0,3002
N4X21,2021-10-20,221.27,221.27,221.27,221.27,0,3002
N4Z21,2021-10-21,217.82,217.82,217.82,217.82,0,3002
N4Z21,2021-10-22,216.38,216.38,216.38,216.38,93,3002
N4Z21,2021-10-25,222.45,222.45,222.45,222.45,0,3002
N4Z21,2021-10-26,220.82,220.82,220.82,220.82,0,3002
N4Z21,2021-10-27,215.06,215.06,215.06,215.06,0,3002
N4Z21,2021-10-28,198.27,198.27,198.27,198.27,0,2944
N4Z21,2021-10-29,174.81,174.81,174.81,174.81,93,2944
N4Z21,2021-11-01,171.8,171.8,171.8,171.8,0,2944
N4Z21,2021-11-02,175.65,175.65,175.65,175.65,0,2944
N4Z21,2021-11-03,189,189,189,189,0,2944
N4Z21,2021-11-04,179.29,179.29,179.29,179.29,0,2944
N4Z21,2021-11-05,181.29,181.29,181.29,181.29,93,2944
N4Z21,2021-11-08,188.48,188.48,188.48,188.48,0,2944
N4Z21,2021-11-09,177.95,177.95,177.95,177.95,0,2944
N4Z21,2021-11-10,177.79,177.79,177.79,177.79,0,2944
N4Z21,2021-11-11,184.02,184.02,184.02,184.02,0,2944
N4Z21,2021-11-12,184.52,184.52,184.52,184.52,93,2944
N4Z21,2021-11-15,196.02,196.02,196.02,196.02,0,2944
N4Z21,2021-11-16,225.48,225.48,225.48,225.48,0,2944
N4Z21,2021-11-17,230.3,230.3,230.3,230.3,0,2944
N4Z21,2021-11-18,232.68,232.68,232.68,232.68,30,2959
N4Z21,2021-11-19,223.78,223.78,223.78,223.78,108,2959
N4F22,2021-11-22,245.93,245.93,245.93,245.93,0,2959
N4F22,2021-11-23,256.96,256.96,256.96,256.96,0,2959
N4F22,2021-11-24,268.7,268.7,268.7,268.7,0,2959
N4F22,2021-11-25,287.1,287.1,287.1,287.1,0,2959
N4F22,2021-11-26,287.98,287.98,287.98,287.98,108,2959
N4F22,2021-11-29,296.08,296.08,296.08,296.08,0,2901
N4F22,2021-11-30,297.76,297.76,297.76,297.76,0,2901
N4F22,2021-12-01,303.01,303.01,303.01,303.01,0,2901
N4F22,2021-12-02,303.98,303.98,303.98,303.98,0,2901
N4F22,2021-12-03,295.78,295.78,295.78,295.78,360,3261
N4F22,2021-12-06,300.91,300.91,300.91,300.91,30,3291
N4F22,2021-12-07,313.66,313.66,313.66,313.66,0,3291
N4F22,2021-12-08,330.08,330.08,330.08,330.08,450,3741
N4F22,2021-12-09,324.53,324.53,324.53,324.53,0,3741
N4F22,2021-12-10,329.64,329.64,329.64,329.64,516,3777
N4F22,2021-12-13,351.55,351.55,351.55,351.55,0,3777
N4F22,2021-12-14,352.71,352.71,352.71,352.71,54,3831
N4F22,2021-12-15,357.89,357.89,357.89,357.89,18,3849
N4F22,2021-12-16,481.24,481.24,481.24,481.24,0,3849
N4F22,2021-12-17,465.31,465.31,465.31,465.31,504,3849
N4F22,2021-12-20,490.28,490.28,490.28,490.28,0,3849
N4F22,2021-12-21,549.57,549.57,549.57,549.57,0,3849
N4F22,2021-12-22,537.55,537.55,537.55,537.55,6,3849
N4G22,2021-12-23,486.99,486.99,486.99,486.99,0,3849
N4G22,2021-12-24,450.9,450.9,450.9,450.9,510,3849
N4G22,2021-12-27,450.9,450.9,450.9,450.9,0,3849
N4G22,2021-12-28,450.9,450.9,450.9,450.9,0,3849
N4G22,2021-12-29,347.42,347.42,347.42,347.42,0,3849
N4G22,2021-12-30,309.93,309.93,309.93,309.93,0,3736
N4G22,2021-12-31,268.49,268.49,268.49,268.49,510,3736
N4G22,2022-01-03,268.49,268.49,268.49,268.49,0,3736
N4G22,2022-01-04,276.45,276.45,276.45,276.45,510,3736
N4G22,2022-01-05,285.5,285.5,285.5,285.5,0,3736
N4G22,2022-01-06,281.52,281.52,281.52,281.52,0,3736
N4G22,2022-01-07,246.5,246.5,246.5,246.5,618,3736
N4G22,2022-01-10,236.75,236.75,236.75,236.75,0,3736
N4G22,2022-01-11,208.85,208.85,208.85,208.85,720,3736
N4G22,2022-01-12,193.61,193.61,193.61,193.61,0,3736
N4G22,2022-01-13,200.21,200.21,200.21,200.21,0,3736
N4G22,2022-01-14,218.16,218.16,218.16,218.16,1230,3736
N4G22,2022-01-17,200.42,200.42,200.42,200.42,150,3886
N4G22,2022-01-18,202.15,202.15,202.15,202.15,90,3958
N4G22,2022-01-19,196.39,196.39,196.39,196.39,18,3940
N4H22,2022-01-20,176.84,176.84,176.84,176.84,0,3940
N4H22,2022-01-21,183.92,183.92,183.92,183.92,228,3940
N4H22,2022-01-24,208.19,208.19,208.19,208.19,0,3940
N4H22,2022-01-25,211.83,211.83,211.83,211.83,360,4120
N4H22,2022-01-26,206.94,206.94,206.94,206.94,306,4336
N4H22,2022-01-27,207.76,207.76,207.76,207.76,0,4336
N4H22,2022-01-28,207.64,207.64,207.64,207.64,406,4233
N4H22,2022-01-31,191.24,191.24,191.24,191.24,0,4233
N4H22,2022-02-01,173.35,173.35,173.35,173.35,42,4275
N4H22,2022-02-02,177.33,177.33,177.33,177.33,24,4293
N4H22,2022-02-03,179,179,179,179,90,4293
N4H22,2022-02-04,185.42,185.42,185.42,185.42,156,4293
N4H22,2022-02-07,179.17,179.17,179.17,179.17,0,4293
N4H22,2022-02-08,176.34,176.34,176.34,176.34,210,4083
N4H22,2022-02-09,170.98,170.98,170.98,170.98,42,4071
N4H22,2022-02-10,169.19,169.19,169.19,169.19,0,4071
N4H22,2022-02-11,173.38,173.38,173.38,173.38,330,4071
N4H22,2022-02-14,179.47,179.47,179.47,179.47,30,4101
N4H22,2022-02-15,160.39,160.39,160.39,160.39,0,4101
N4H22,2022-02-16,161.2,161.2,161.2,161.2,0,4101
N4J22,2022-02-17,169.12,169.12,169.12,169.12,0,4101
N4J22,2022-02-18,170.65,170.65,170.65,170.65,150,4101
N4J22,2022-02-21,169.66,169.66,169.66,169.66,12,4113
N4J22,2022-02-22,181.33,181.33,181.33,181.33,0,4113
N4J22,2022-02-23,198.82,198.82,198.82,198.82,0,4113
N4J22,2022-02-24,255.18,255.18,255.18,255.18,0,4113
N4J22,2022-02-25,199.55,199.55,199.55,199.55,150,3990
N4J22,2022-02-28,211.09,211.09,211.09,211.09,0,3990
N4J22,2022-03-01,249.76,249.76,249.76,249.76,0,3990
N4J22,2022-03-02,323.33,323.33,323.33,323.33,0,3990
N4J22,2022-03-03,300.39,300.39,300.39,300.39,0,3990
N4J22,2022-03-04,369.98,369.98,369.98,369.98,0,3990
N4J22,2022-03-07,407.71,407.71,407.71,407.71,0,3990
N4J22,2022-03-08,395.52,395.52,395.52,395.52,0,3990
N4J22,2022-03-09,302.33,302.33,302.33,302.33,0,3990
N4J22,2022-03-10,258.91,258.91,258.91,258.91,15,4005
N4J22,2022-03-11,270.24,270.24,270.24,270.24,180,4005
N4J22,2022-03-14,239.34,239.34,239.34,239.34,0,4005
N4J22,2022-03-15,240.89,240.89,240.89,240.89,0,4005
N4J22,2022-03-16,219.12,219.12,219.12,219.12,90,4095
N4J22,2022-03-17,226.08,226.08,226.08,226.08,24,4107
N4J22,2022-03-18,221.89,221.89,221.89,221.89,216,4119
N4J22,2022-03-21,218.93,218.93,218.93,218.93,36,4155
N4J22,2022-03-22,212.74,212.74,212.74,212.74,60,4200
N4J22,2022-03-23,236.41,236.41,236.41,236.41,0,4200
N4J22,2022-03-24,228.88,228.88,228.88,228.88,216,4290
N4J22,2022-03-25,210.13,210.13,210.13,210.13,372,4320
N4J22,2022-03-28,220.4,220.4,220.4,220.4,60,4380
N4K22,2022-03-29,228.92,228.92,228.92,228.92,144,4434
N4K22,2022-03-30,242.88,242.88,242.88,242.88,0,4084
N4K22,2022-03-31,249.71,249.71,249.71,249.71,0,4084